Date,Open,High,Low,Close,Volume
"Monday, June 12, 2023",100.61,100.61,100.61,100.61,--
"Friday, June 9, 2023",100.56,100.56,100.56,100.56,--
"Thursday, June 8, 2023",100.83,100.83,100.83,100.83,--
"Wednesday, June 7, 2023",100.55,100.55,100.55,100.55,--
"Tuesday, June 6, 2023",100.86,100.86,100.86,100.86,--
"Monday, June 5, 2023",100.9,100.9,100.9,100.9,--
"Friday, June 2, 2023",100.71,100.71,100.71,100.71,--
"Thursday, June 1, 2023",101.08,101.08,101.08,101.08,--
"Wednesday, May 31, 2023",100.92,100.92,100.92,100.92,--
"Tuesday, May 30, 2023",100.83,100.83,100.83,100.83,--
"Monday, May 29, 2023",100.46,100.46,100.46,100.46,--
"Friday, May 26, 2023",100.42,100.42,100.42,100.42,--
"Thursday, May 25, 2023",100.4,100.4,100.4,100.4,--
"Wednesday, May 24, 2023",101.03,101.03,101.03,101.03,--
"Tuesday, May 23, 2023",101.33,101.33,101.33,101.33,--
"Monday, May 22, 2023",101.1,101.1,101.1,101.1,--
"Friday, May 19, 2023",101.16,101.16,101.16,101.16,--
"Thursday, May 18, 2023",101.36,101.36,101.36,101.36,--
"Wednesday, May 17, 2023",101.74,101.74,101.74,101.74,--
"Tuesday, May 16, 2023",101.82,101.82,101.82,101.82,--
"Monday, May 15, 2023",102.04,102.04,102.04,102.04,--
"Friday, May 12, 2023",102.04,102.04,102.04,102.04,--
"Thursday, May 11, 2023",102.42,102.42,102.42,102.42,--
"Wednesday, May 10, 2023",102.37,102.37,102.37,102.37,--
"Tuesday, May 9, 2023",102.2,102.2,102.2,102.2,--
"Monday, May 8, 2023",102.31,102.31,102.31,102.31,--
"Friday, May 5, 2023",102.47,102.47,102.47,102.47,--
"Thursday, May 4, 2023",102.68,102.68,102.68,102.68,--
"Wednesday, May 3, 2023",102.7,102.7,102.7,102.7,--
"Tuesday, May 2, 2023",102.3,102.3,102.3,102.3,--
"Monday, May 1, 2023",101.77,101.77,101.77,101.77,--
"Friday, April 28, 2023",102.25,102.25,102.25,102.25,--
"Thursday, April 27, 2023",102.1,102.1,102.1,102.1,--
"Wednesday, April 26, 2023",102.51,102.51,102.51,102.51,--
"Tuesday, April 25, 2023",102.69,102.69,102.69,102.69,--
"Monday, April 24, 2023",102.23,102.23,102.23,102.23,--
"Friday, April 21, 2023",101.84,101.84,101.84,101.84,--
"Thursday, April 20, 2023",101.89,101.89,101.89,101.89,--
"Wednesday, April 19, 2023",101.66,101.66,101.66,101.66,--
"Tuesday, April 18, 2023",101.75,101.75,101.75,101.75,--
"Monday, April 17, 2023",101.71,101.71,101.71,101.71,--
"Friday, April 14, 2023",102,102,102,102,--
"Thursday, April 13, 2023",102.26,102.26,102.26,102.26,--
"Wednesday, April 12, 2023",102.43,102.43,102.43,102.43,--
"Tuesday, April 11, 2023",102.45,102.45,102.45,102.45,--
"Monday, April 10, 2023",102.42,102.42,102.42,102.42,--
"Thursday, April 6, 2023",102.89,102.89,102.89,102.89,--
"Wednesday, April 5, 2023",102.83,102.83,102.83,102.83,--
"Tuesday, April 4, 2023",102.75,102.75,102.75,102.75,--
"Monday, April 3, 2023",102.53,102.53,102.53,102.53,--
"Friday, March 31, 2023",102.23,102.23,102.23,102.23,--
"Thursday, March 30, 2023",101.86,101.86,101.86,101.86,--
"Wednesday, March 29, 2023",101.83,101.83,101.83,101.83,--
"Tuesday, March 28, 2023",101.69,101.69,101.69,101.69,--
"Monday, March 27, 2023",101.6,101.6,101.6,101.6,--
"Friday, March 24, 2023",102.07,102.07,102.07,102.07,--
"Thursday, March 23, 2023",102.26,102.26,102.26,102.26,--
"Wednesday, March 22, 2023",101.96,101.96,101.96,101.96,--
"Tuesday, March 21, 2023",100.92,100.92,100.92,100.92,--
"Monday, March 20, 2023",101.13,101.13,101.13,101.13,--
"Friday, March 17, 2023",101.03,101.03,101.03,101.03,--
"Thursday, March 16, 2023",100.81,100.81,100.81,100.81,--
"Wednesday, March 15, 2023",101.75,101.75,101.75,101.75,--
"Tuesday, March 14, 2023",100.82,100.82,100.82,100.82,--
"Monday, March 13, 2023",101.02,101.02,101.02,101.02,--
"Friday, March 10, 2023",100.19,100.19,100.19,100.19,--
"Thursday, March 9, 2023",99.29,99.29,99.29,99.29,--
"Wednesday, March 8, 2023",99.06,99.06,99.06,99.06,--
"Tuesday, March 7, 2023",99.43,99.43,99.43,99.43,--
"Monday, March 6, 2023",100.11,100.11,100.11,100.11,--
"Friday, March 3, 2023",100.25,100.25,100.25,100.25,--
"Thursday, March 2, 2023",99.66,99.66,99.66,99.66,--
"Wednesday, March 1, 2023",99.55,99.55,99.55,99.55,--
"Tuesday, February 28, 2023",99.74,99.74,99.74,99.74,--
"Monday, February 27, 2023",99.52,99.52,99.52,99.52,--
"Friday, February 24, 2023",99.37,99.37,99.37,99.37,--
"Thursday, February 23, 2023",99.89,99.89,99.89,99.89,--
"Wednesday, February 22, 2023",99.71,99.71,99.71,99.71,--
"Tuesday, February 21, 2023",99.79,99.79,99.79,99.79,--
"Monday, February 20, 2023",100.1,100.1,100.1,100.1,--
"Friday, February 17, 2023",100.12,100.12,100.12,100.12,--
"Thursday, February 16, 2023",100.02,100.02,100.02,100.02,--
"Wednesday, February 15, 2023",100.19,100.19,100.19,100.19,--
"Tuesday, February 14, 2023",100.12,100.12,100.12,100.12,--
"Monday, February 13, 2023",100.42,100.42,100.42,100.42,--
"Friday, February 10, 2023",100.42,100.42,100.42,100.42,--
"Thursday, February 9, 2023",100.6,100.6,100.6,100.6,--
"Wednesday, February 8, 2023",100.98,100.98,100.98,100.98,--
"Tuesday, February 7, 2023",100.59,100.59,100.59,100.59,--
"Monday, February 6, 2023",100.35,100.35,100.35,100.35,--
"Friday, February 3, 2023",100.82,100.82,100.82,100.82,--
"Thursday, February 2, 2023",101.54,101.54,101.54,101.54,--
"Wednesday, February 1, 2023",101.65,101.65,101.65,101.65,--
"Tuesday, January 31, 2023",101.13,101.13,101.13,101.13,--
"Monday, January 30, 2023",101.03,101.03,101.03,101.03,--
"Friday, January 27, 2023",101.37,101.37,101.37,101.37,--
"Thursday, January 26, 2023",101.49,101.49,101.49,101.49,--
"Wednesday, January 25, 2023",101.51,101.51,101.51,101.51,--
"Tuesday, January 24, 2023",101.38,101.38,101.38,101.38,--
"Monday, January 23, 2023",101.11,101.11,101.11,101.11,--
"Friday, January 20, 2023",101.16,101.16,101.16,101.16,--
"Thursday, January 19, 2023",101.44,101.44,101.44,101.44,--
"Wednesday, January 18, 2023",101.1,101.1,101.1,101.1,--
"Tuesday, January 17, 2023",100.67,100.67,100.67,100.67,--
"Monday, January 16, 2023",100.86,100.86,100.86,100.86,--
"Friday, January 13, 2023",100.85,100.85,100.85,100.85,--
"Thursday, January 12, 2023",101.23,101.23,101.23,101.23,--
"Wednesday, January 11, 2023",100.73,100.73,100.73,100.73,--
"Tuesday, January 10, 2023",100.44,100.44,100.44,100.44,--
"Monday, January 9, 2023",100.69,100.69,100.69,100.69,--
"Friday, January 6, 2023",100.53,100.53,100.53,100.53,--
"Thursday, January 5, 2023",99.88,99.88,99.88,99.88,--
"Wednesday, January 4, 2023",99.98,99.98,99.98,99.98,--
"Tuesday, January 3, 2023",99.95,99.95,99.95,99.95,--
"Friday, December 30, 2022",99.85,99.85,99.85,99.85,--
"Thursday, December 29, 2022",100.01,100.01,100.01,100.01,--
"Wednesday, December 28, 2022",99.88,99.88,99.88,99.88,--
"Friday, December 23, 2022",100.14,100.14,100.14,100.14,--
"Thursday, December 22, 2022",100.26,100.26,100.26,100.26,--
"Wednesday, December 21, 2022",100.65,100.65,100.65,100.65,--
"Tuesday, December 20, 2022",100.35,100.35,100.35,100.35,--
"Monday, December 19, 2022",100.35,100.35,100.35,100.35,--
"Friday, December 16, 2022",100.55,100.55,100.55,100.55,--
"Thursday, December 15, 2022",100.86,100.86,100.86,100.86,--
"Wednesday, December 14, 2022",100.94,100.94,100.94,100.94,--
"Tuesday, December 13, 2022",101.04,101.04,101.04,101.04,--
"Monday, December 12, 2022",100.7,100.7,100.7,100.7,--
"Friday, December 09, 2022",100.68,100.68,100.68,100.68,--
"Thursday, December 08, 2022",101.16,101.16,101.16,101.16,--
"Wednesday, December 07, 2022",101.38,101.38,101.38,101.38,--
"Tuesday, December 6, 2022",101.14,101.14,101.14,101.14,--
"Monday, December 5, 2022",101.22,101.22,101.22,101.22,--
"Friday, December 2, 2022",102.02,102.02,102.02,102.02,--
"Thursday, December 1, 2022",101.61,101.61,101.61,101.61,--
"Wednesday, November 30, 2022",100.96,100.96,100.96,100.96,--
"Tuesday, November 29, 2022",99.89,99.89,99.89,99.89,--
"Monday, November 28, 2022",100.08,100.08,100.08,100.08,--
"Friday, November 25, 2022",100.37,100.37,100.37,100.37,--
"Thursday, November 24, 2022",100.28,100.28,100.28,100.28,--
"Wednesday, November 23, 2022",100.27,100.27,100.27,100.27,--
"Tuesday, November 22, 2022",100.05,100.05,100.05,100.05,--
"Monday, November 21, 2022",99.83,99.83,99.83,99.83,--
"Friday, November 18, 2022",99.5,99.5,99.5,99.5,--
"Thursday, November 17, 2022",99.88,99.88,99.88,99.88,--
"Wednesday, November 16, 2022",100.43,100.43,100.43,100.43,--
"Tuesday, November 15, 2022",100.32,100.32,100.32,100.32,--
"Monday, November 14, 2022",100,100,100,100,--
"Friday, November 11, 2022",100.39,100.39,100.39,100.39,--
"Thursday, November 10, 2022",100.39,100.39,100.39,100.39,--
"Wednesday, November 9, 2022",99.35,99.35,99.35,99.35,--
"Tuesday, November 8, 2022",99.48,99.48,99.48,99.48,--
"Monday, November 7, 2022",99.36,99.36,99.36,99.36,--
"Friday, November 4, 2022",99.31,99.31,99.31,99.31,--
"Thursday, November 3, 2022",98.97,98.97,98.97,98.97,--
"Wednesday, November 2, 2022",99.81,99.81,99.81,99.81,--
"Tuesday, November 1, 2022",99.98,99.98,99.98,99.98,--
"Monday, October 31, 2022",100.01,100.01,100.01,100.01,--
"Friday, October 28, 2022",100.18,100.18,100.18,100.18,--
"Thursday, October 27, 2022",100.36,100.36,100.36,100.36,--
"Wednesday, October 26, 2022",99.87,99.87,99.87,99.87,--
"Tuesday, October 25, 2022",99.92,99.92,99.92,99.92,--
"Monday, October 24, 2022",99.73,99.73,99.73,99.73,--
"Friday, October 21, 2022",99.63,99.63,99.63,99.63,--
"Thursday, October 20, 2022",99.11,99.11,99.11,99.11,--
"Wednesday, October 19, 2022",99.28,99.28,99.28,99.28,--
"Tuesday, October 18, 2022",99.69,99.69,99.69,99.69,--
"Monday, October 17, 2022",99.84,99.84,99.84,99.84,--
"Friday, October 14, 2022",99.55,99.55,99.55,99.55,--
"Thursday, October 13, 2022",99.57,99.57,99.57,99.57,--
"Wednesday, October 12, 2022",99.69,99.69,99.69,99.69,--
"Tuesday, October 11, 2022",99.68,99.68,99.68,99.68,--
"Monday, October 10, 2022",99.7,99.7,99.7,99.7,--
"Friday, October 7, 2022",99.7,99.7,99.7,99.7,--
"Thursday, October 6, 2022",99.69,99.69,99.69,99.69,--
"Wednesday, October 5, 2022",99.91,99.91,99.91,99.91,--
"Tuesday, October 4, 2022",100.52,100.52,100.52,100.52,--
"Monday, October 3, 2022",100.13,100.13,100.13,100.13,--
"Friday, September 30, 2022",99.13,99.13,99.13,99.13,--
"Thursday, September 29, 2022",99.5,99.5,99.5,99.5,--
"Wednesday, September 28, 2022",100.7,100.7,100.7,100.7,--
"Tuesday, September 27, 2022",99.21,99.21,99.21,99.21,--
"Monday, September 26, 2022",99.42,99.42,99.42,99.42,--
"Friday, September 23, 2022",100.77,100.77,100.77,100.77,--
"Thursday, September 22, 2022",101.25,101.25,101.25,101.25,--
"Wednesday, September 21, 2022",102.16,102.16,102.16,102.16,--
"Tuesday, September 20, 2022",102.19,102.19,102.19,102.19,--
"Friday, September 16, 2022",102.76,102.76,102.76,102.76,--
"Thursday, September 15, 2022",103.02,103.02,103.02,103.02,--
"Wednesday, September 14, 2022",103.49,103.49,103.49,103.49,--
"Tuesday, September 13, 2022",103.4,103.4,103.4,103.4,--
"Monday, September 12, 2022",103.66,103.66,103.66,103.66,--
"Friday, September 9, 2022",103.77,103.77,103.77,103.77,--
"Thursday, September 8, 2022",103.7,103.7,103.7,103.7,--
"Wednesday, September 7, 2022",104.2,104.2,104.2,104.2,--
"Tuesday, September 6, 2022",104,104,104,104,--
"Monday, September 5, 2022",104.65,104.65,104.65,104.65,--
"Friday, September 2, 2022",104.65,104.65,104.65,104.65,--
"Thursday, September 1, 2022",104.14,104.14,104.14,104.14,--
"Wednesday, August 31, 2022",104.78,104.78,104.78,104.78,--
"Tuesday, August 30, 2022",105.55,105.55,105.55,105.55,--
"Monday, August 29, 2022",105.77,105.77,105.77,105.77,--
"Friday, August 26, 2022",106.12,106.12,106.12,106.12,--
"Thursday, August 25, 2022",106.41,106.41,106.41,106.41,--
"Wednesday, August 24, 2022",106.21,106.21,106.21,106.21,--
"Tuesday, August 23, 2022",106.12,106.12,106.12,106.12,--
"Monday, August 22, 2022",105.96,105.96,105.96,105.96,--
"Friday, August 19, 2022",106.02,106.02,106.02,106.02,--
"Thursday, August 18, 2022",106.28,106.28,106.28,106.28,--
"Wednesday, August 17, 2022",105.95,105.95,105.95,105.95,--
"Tuesday, August 16, 2022",106.21,106.21,106.21,106.21,--
"Monday, August 15, 2022",106.34,106.34,106.34,106.34,--
"Friday, August 12, 2022",106.22,106.22,106.22,106.22,--
"Thursday, August 11, 2022",106,106,106,106,--
"Wednesday, August 10, 2022",106.12,106.12,106.12,106.12,--
"Tuesday, August 9, 2022",106.18,106.18,106.18,106.18,--
"Monday, August 8, 2022",106.37,106.37,106.37,106.37,--
"Friday, August 5, 2022",105.84,105.84,105.84,105.84,--
"Thursday, August 4, 2022",106.84,106.84,106.84,106.84,--
"Wednesday, August 3, 2022",106.78,106.78,106.78,106.78,--
"Tuesday, August 2, 2022",106.49,106.49,106.49,106.49,--
"Monday, August 1, 2022",107.55,107.55,107.55,107.55,--
"Friday, July 29, 2022",107.51,107.51,107.51,107.51,--
"Thursday, July 28, 2022",107.03,107.03,107.03,107.03,--
"Wednesday, July 27, 2022",106.12,106.12,106.12,106.12,--
"Tuesday, July 26, 2022",105.52,105.52,105.52,105.52,--
"Monday, July 25, 2022",105.53,105.53,105.53,105.53,--
"Friday, July 22, 2022",105.51,105.51,105.51,105.51,--
"Thursday, July 21, 2022",104.86,104.86,104.86,104.86,--
"Wednesday, July 20, 2022",104.46,104.46,104.46,104.46,--
"Tuesday, July 19, 2022",104.57,104.57,104.57,104.57,--
"Monday, July 18, 2022",104.65,104.65,104.65,104.65,--
"Friday, July 15, 2022",104.5,104.5,104.5,104.5,--
"Thursday, July 14, 2022",104.11,104.11,104.11,104.11,--
"Wednesday, July 13, 2022",104.31,104.31,104.31,104.31,--
"Tuesday, July 12, 2022",104.11,104.11,104.11,104.11,--
"Monday, July 11, 2022",104.24,104.24,104.24,104.24,--
"Friday, July 8, 2022",103.99,103.99,103.99,103.99,--
"Thursday, July 7, 2022",104.04,104.04,104.04,104.04,--
"Wednesday, July 6, 2022",104.17,104.17,104.17,104.17,--
"Tuesday, July 5, 2022",104.92,104.92,104.92,104.92,--
"Monday, July 4, 2022",104.97,104.97,104.97,104.97,--
"Friday, July 1, 2022",104.85,104.85,104.85,104.85,--
"Thursday, June 30, 2022",103.92,103.92,103.92,103.92,--
"Wednesday, June 29, 2022",103.85,103.85,103.85,103.85,--
"Tuesday, June 28, 2022",103.99,103.99,103.99,103.99,--
"Monday, June 27, 2022",104.31,104.31,104.31,104.31,--
"Friday, June 24, 2022",104.71,104.71,104.71,104.71,--
"Thursday, June 23, 2022",104.59,104.59,104.59,104.59,--
"Wednesday, June 22, 2022",104.36,104.36,104.36,104.36,--
"Tuesday, June 21, 2022",104.05,104.05,104.05,104.05,--
"Monday, June 20, 2022",104.18,104.18,104.18,104.18,--
"Friday, June 17, 2022",104.09,104.09,104.09,104.09,--
"Thursday, June 16, 2022",104.37,104.37,104.37,104.37,--
"Wednesday, June 15, 2022",104.56,104.56,104.56,104.56,--
"Tuesday, June 14, 2022",103.31,103.31,103.31,103.31,--
"Monday, June 13, 2022",104.72,104.72,104.72,104.72,--
"Friday, June 10, 2022",106,106,106,106,--
"Thursday, June 09, 2022",106.48,106.48,106.48,106.48,--
"Wednesday, June 08, 2022",106.49,106.49,106.49,106.49,--
"Tuesday, June 07, 2022",106.6,106.6,106.6,106.6,--
"Monday, June 06, 2022",106.43,106.43,106.43,106.43,--
"Friday, June 03, 2022",106.81,106.81,106.81,106.81,--
"Thursday, June 02, 2022",106.52,106.52,106.52,106.52,--
"Wednesday, June 01, 2022",106.32,106.32,106.32,106.32,--
"Tuesday, May 31, 2022",106.81,106.81,106.81,106.81,--
"Monday, May 30, 2022",107.25,107.25,107.25,107.25,--
"Friday, May 27, 2022",107.12,107.12,107.12,107.12,--
"Thursday, May 26, 2022",107.01,107.01,107.01,107.01,--
"Wednesday, May 25, 2022",106.63,106.63,106.63,106.63,--
"Tuesday, May 24, 2022",106.45,106.45,106.45,106.45,--
"Monday, May 23, 2022",106.04,106.04,106.04,106.04,--
"Friday, May 20, 2022",106.13,106.13,106.13,106.13,--
"Thursday, May 19, 2022",106.22,106.22,106.22,106.22,--
"Wednesday, May 18, 2022",106.38,106.38,106.38,106.38,--
"Tuesday, May 17, 2022",106,106,106,106,--
"Monday, May 16, 2022",106.36,106.36,106.36,106.36,--
"Friday, May 13, 2022",106.02,106.02,106.02,106.02,--
"Thursday, May 12, 2022",105.74,105.74,105.74,105.74,--
"Wednesday, May 11, 2022",105.9,105.9,105.9,105.9,--
"Tuesday, May 10, 2022",105.26,105.26,105.26,105.26,--
"Monday, May 09, 2022",105.71,105.71,105.71,105.71,--
"Friday, May 06, 2022",105.87,105.87,105.87,105.87,--
"Thursday, May 05, 2022",106.06,106.06,106.06,106.06,--
"Wednesday, May 04, 2022",106.76,106.76,106.76,106.76,--
"Tuesday, May 03, 2022",106.11,106.11,106.11,106.11,--
"Monday, May 02, 2022",105.99,105.99,105.99,105.99,--
"Friday, April 29, 2022",106.99,106.99,106.99,106.99,--
"Thursday, April 28, 2022",107.64,107.64,107.64,107.64,--
"Wednesday, April 27, 2022",107.31,107.31,107.31,107.31,--
"Tuesday, April 26, 2022",107.4,107.4,107.4,107.4,--
"Monday, April 25, 2022",107.12,107.12,107.12,107.12,--
"Friday, April 22, 2022",107.1,107.1,107.1,107.1,--
"Thursday, April 21, 2022",107.28,107.28,107.28,107.28,--
"Wednesday, April 20, 2022",107.01,107.01,107.01,107.01,--
"Tuesday, April 19, 2022",106.52,106.52,106.52,106.52,--
"Monday, April 18, 2022",107.01,107.01,107.01,107.01,--
"Thursday, April 14, 2022",106.82,106.82,106.82,106.82,--
"Wednesday, April 13, 2022",107.03,107.03,107.03,107.03,--
"Tuesday, April 12, 2022",107.14,107.14,107.14,107.14,--
"Monday, April 11, 2022",107.02,107.02,107.02,107.02,--
"Friday, April 08, 2022",106.88,106.88,106.88,106.88,--
"Thursday, April 07, 2022",106.81,106.81,106.81,106.81,--
"Wednesday, April 06, 2022",106.79,106.79,106.79,106.79,--
"Tuesday, April 05, 2022",107.01,107.01,107.01,107.01,--
"Monday, April 04, 2022",107.61,107.61,107.61,107.61,--
"Friday, April 01, 2022",107.56,107.56,107.56,107.56,--
"Thursday, March 31, 2022",108.22,108.22,108.22,108.22,--
"Wednesday, March 30, 2022",108.6,108.6,108.6,108.6,--
"Tuesday, March 29, 2022",108.31,108.31,108.31,108.31,--
"Monday, March 28, 2022",108.69,108.69,108.69,108.69,--
"Friday, March 25, 2022",108.86,108.86,108.86,108.86,--
"Thursday, March 24, 2022",109.47,109.47,109.47,109.47,--
"Wednesday, March 23, 2022",109.85,109.85,109.85,109.85,--
"Tuesday, March 22, 2022",109.07,109.07,109.07,109.07,--
"Monday, March 21, 2022",109.42,109.42,109.42,109.42,--
"Friday, March 18, 2022",110.03,110.03,110.03,110.03,--
"Thursday, March 17, 2022",110.21,110.21,110.21,110.21,--
"Wednesday, March 16, 2022",109.18,109.18,109.18,109.18,--
"Tuesday, March 15, 2022",109.89,109.89,109.89,109.89,--
"Monday, March 14, 2022",110.38,110.38,110.38,110.38,--
"Friday, March 11, 2022",111.24,111.24,111.24,111.24,--
"Thursday, March 10, 2022",110.77,110.77,110.77,110.77,--
"Wednesday, March 09, 2022",110.72,110.72,110.72,110.72,--
"Tuesday, March 08, 2022",111.52,111.52,111.52,111.52,--
"Monday, March 07, 2022",111.33,111.33,111.33,111.33,--
"Friday, March 04, 2022",110.84,110.84,110.84,110.84,--
"Thursday, March 03, 2022",110.18,110.18,110.18,110.18,--
"Wednesday, March 02, 2022",110.39,110.39,110.39,110.39,--
"Tuesday, March 01, 2022",110.94,110.94,110.94,110.94,--
"Monday, February 28, 2022",110.03,110.03,110.03,110.03,--
"Friday, February 25, 2022",108.8,108.8,108.8,108.8,--
"Thursday, February 24, 2022",109.04,109.04,109.04,109.04,--
"Wednesday, February 23, 2022",108.59,108.59,108.59,108.59,--
"Tuesday, February 22, 2022",108.35,108.35,108.35,108.35,--
"Monday, February 21, 2022",108.17,108.17,108.17,108.17,--
"Friday, February 18, 2022",108.13,108.13,108.13,108.13,--
"Thursday, February 17, 2022",108.06,108.06,108.06,108.06,--
"Wednesday, February 16, 2022",107.7,107.7,107.7,107.7,--
"Tuesday, February 15, 2022",107.63,107.63,107.63,107.63,--
"Monday, February 14, 2022",107.96,107.96,107.96,107.96,--
"Friday, February 11, 2022",107.99,107.99,107.99,107.99,--
"Thursday, February 10, 2022",107.15,107.15,107.15,107.15,--
"Wednesday, February 09, 2022",107.74,107.74,107.74,107.74,--
"Tuesday, February 08, 2022",107.62,107.62,107.62,107.62,--
"Monday, February 07, 2022",107.78,107.78,107.78,107.78,--
"Friday, February 04, 2022",107.86,107.86,107.86,107.86,--
"Thursday, February 03, 2022",108.3,108.3,108.3,108.3,--
"Wednesday, February 02, 2022",108.79,108.79,108.79,108.79,--
"Tuesday, February 01, 2022",108.67,108.67,108.67,108.67,--
"Monday, January 31, 2022",109.08,109.08,109.08,109.08,--
"Friday, January 28, 2022",108.81,108.81,108.81,108.81,--
"Thursday, January 27, 2022",108.47,108.47,108.47,108.47,--
"Wednesday, January 26, 2022",108.41,108.41,108.41,108.41,--
"Tuesday, January 25, 2022",108.96,108.96,108.96,108.96,--
"Monday, January 24, 2022",108.99,108.99,108.99,108.99,--
"Friday, January 21, 2022",108.71,108.71,108.71,108.71,--
"Thursday, January 20, 2022",108.38,108.38,108.38,108.38,--
"Wednesday, January 19, 2022",108.29,108.29,108.29,108.29,--
"Tuesday, January 18, 2022",108.42,108.42,108.42,108.42,--
"Monday, January 17, 2022",108.84,108.84,108.84,108.84,--
"Friday, January 14, 2022",108.79,108.79,108.79,108.79,--
"Thursday, January 13, 2022",109.15,109.15,109.15,109.15,--
"Wednesday, January 12, 2022",109.2,109.2,109.2,109.2,--
"Monday, January 10, 2022",108.96,108.96,108.96,108.96,--
"Friday, January 07, 2022",108.95,108.95,108.95,108.95,--
"Thursday, January 06, 2022",109.08,109.08,109.08,109.08,--
"Wednesday, January 05, 2022",109.56,109.56,109.56,109.56,--
"Tuesday, January 04, 2022",110.15,110.15,110.15,110.15,--
"Friday, December 31, 2021",110.47,110.47,110.47,110.47,--
"Thursday, December 30, 2021",110.58,110.58,110.58,110.58,--
"Wednesday, December 29, 2021",110.24,110.24,110.24,110.24,--
"Tuesday, December 28, 2021",110.12,110.12,110.12,110.12,--
"Friday, December 24, 2021",109.79,109.79,109.79,109.79,--
"Thursday, December 23, 2021",109.76,109.76,109.76,109.76,--
"Wednesday, December 22, 2021",109.94,109.94,109.94,109.94,--
"Tuesday, December 21, 2021",109.72,109.72,109.72,109.72,--
"Monday, December 20, 2021",109.72,109.72,109.72,109.72,--
"Friday, December 17, 2021",109.69,109.69,109.69,109.69,--
"Thursday, December 16, 2021",109.83,109.83,109.83,109.83,--
"Wednesday, December 15, 2021",109.5,109.5,109.5,109.5,--
"Tuesday, December 14, 2021",109.45,109.45,109.45,109.45,--
"Monday, December 13, 2021",109.77,109.77,109.77,109.77,--
"Friday, December 10, 2021",109.71,109.71,109.71,109.71,--
"Thursday, December 09, 2021",109.71,109.71,109.71,109.71,--
"Wednesday, December 08, 2021",110.05,110.05,110.05,110.05,--
"Tuesday, December 07, 2021",109.97,109.97,109.97,109.97,--
"Monday, December 06, 2021",109.89,109.89,109.89,109.89,--
"Friday, December 03, 2021",109.94,109.94,109.94,109.94,--
"Thursday, December 02, 2021",109.76,109.76,109.76,109.76,--
"Wednesday, December 01, 2021",109.75,109.75,109.75,109.75,--
"Tuesday, November 30, 2021",110.16,110.16,110.16,110.16,--
"Monday, November 29, 2021",110.37,110.37,110.37,110.37,--
"Friday, November 26, 2021",110.55,110.55,110.55,110.55,--
"Thursday, November 25, 2021",110.24,110.24,110.24,110.24,--
"Wednesday, November 24, 2021",110.22,110.22,110.22,110.22,--
"Tuesday, November 23, 2021",109.98,109.98,109.98,109.98,--
"Monday, November 22, 2021",110.12,110.12,110.12,110.12,--
"Friday, November 19, 2021",110.75,110.75,110.75,110.75,--
"Thursday, November 18, 2021",111.18,111.18,111.18,111.18,--
"Wednesday, November 17, 2021",111.25,111.25,111.25,111.25,--
"Tuesday, November 16, 2021",111.1,111.1,111.1,111.1,--
"Monday, November 15, 2021",111.1,111.1,111.1,111.1,--
"Friday, November 12, 2021",110.94,110.94,110.94,110.94,--
"Thursday, November 11, 2021",110.87,110.87,110.87,110.87,--
"Wednesday, November 10, 2021",110.85,110.85,110.85,110.85,--
"Tuesday, November 09, 2021",110.97,110.97,110.97,110.97,--
"Monday, November 08, 2021",110.59,110.59,110.59,110.59,--
"Friday, November 05, 2021",110.5,110.5,110.5,110.5,--
"Thursday, November 04, 2021",110.28,110.28,110.28,110.28,--
"Wednesday, November 03, 2021",109.82,109.82,109.82,109.82,--
"Tuesday, November 02, 2021",109.88,109.88,109.88,109.88,--
"Monday, November 01, 2021",109.67,109.67,109.67,109.67,--
"Friday, October 29, 2021",109.95,109.95,109.95,109.95,--
"Thursday, October 28, 2021",109.98,109.98,109.98,109.98,--
"Wednesday, October 27, 2021",110.65,110.65,110.65,110.65,--
"Tuesday, October 26, 2021",110.43,110.43,110.43,110.43,--
"Monday, October 25, 2021",110.24,110.24,110.24,110.24,--
"Friday, October 22, 2021",109.91,109.91,109.91,109.91,--
"Thursday, October 21, 2021",109.85,109.85,109.85,109.85,--
"Wednesday, October 20, 2021",109.66,109.66,109.66,109.66,--
"Tuesday, October 19, 2021",109.4,109.4,109.4,109.4,--
"Monday, October 18, 2021",109.5,109.5,109.5,109.5,--
"Friday, October 15, 2021",109.73,109.73,109.73,109.73,--
"Thursday, October 14, 2021",109.94,109.94,109.94,109.94,--
"Wednesday, October 13, 2021",109.73,109.73,109.73,109.73,--
"Tuesday, October 12, 2021",109.46,109.46,109.46,109.46,--
"Monday, October 11, 2021",109.5,109.5,109.5,109.5,--
"Friday, October 08, 2021",109.47,109.47,109.47,109.47,--
"Thursday, October 07, 2021",109.47,109.47,109.47,109.47,--
"Wednesday, October 06, 2021",109.5,109.5,109.5,109.5,--
"Tuesday, October 05, 2021",109.62,109.62,109.62,109.62,--
"Monday, October 04, 2021",109.41,109.41,109.41,109.41,--
"Friday, October 01, 2021",109.4,109.4,109.4,109.4,--
"Thursday, September 30, 2021",109.16,109.16,109.16,109.16,--
"Wednesday, September 29, 2021",109.09,109.09,109.09,109.09,--
"Tuesday, September 28, 2021",109.07,109.07,109.07,109.07,--
"Monday, September 27, 2021",109.12,109.12,109.12,109.12,--
"Friday, September 24, 2021",109.03,109.03,109.03,109.03,--
"Thursday, September 23, 2021",109.18,109.18,109.18,109.18,--
"Wednesday, September 22, 2021",109.38,109.38,109.38,109.38,--
"Tuesday, September 21, 2021",109.56,109.56,109.56,109.56,--
"Monday, September 20, 2021",109.65,109.65,109.65,109.65,--
"Friday, September 17, 2021",109.57,109.57,109.57,109.57,--
"Thursday, September 16, 2021",109.85,109.85,109.85,109.85,--
"Wednesday, September 15, 2021",109.99,109.99,109.99,109.99,--
"Tuesday, September 14, 2021",109.95,109.95,109.95,109.95,--
"Monday, September 13, 2021",109.98,109.98,109.98,109.98,--
"Friday, September 10, 2021",110,110,110,110,--
"Thursday, September 09, 2021",110.21,110.21,110.21,110.21,--
"Wednesday, September 08, 2021",109.91,109.91,109.91,109.91,--
"Tuesday, September 07, 2021",109.65,109.65,109.65,109.65,--
"Monday, September 06, 2021",109.75,109.75,109.75,109.75,--
"Friday, September 03, 2021",109.69,109.69,109.69,109.69,--
"Thursday, September 02, 2021",109.77,109.77,109.77,109.77,--
"Wednesday, September 01, 2021",109.73,109.73,109.73,109.73,--
"Tuesday, August 31, 2021",109.73,109.73,109.73,109.73,--
"Monday, August 30, 2021",109.95,109.95,109.95,109.95,--
"Friday, August 27, 2021",109.83,109.83,109.83,109.83,--
"Thursday, August 26, 2021",109.36,109.36,109.36,109.36,--
"Wednesday, August 25, 2021",109.39,109.39,109.39,109.39,--
"Tuesday, August 24, 2021",109.37,109.37,109.37,109.37,--
"Monday, August 23, 2021",109.29,109.29,109.29,109.29,--
"Friday, August 20, 2021",108.99,108.99,108.99,108.99,--
"Thursday, August 19, 2021",109.35,109.35,109.35,109.35,--
"Wednesday, August 18, 2021",109.41,109.41,109.41,109.41,--
"Tuesday, August 17, 2021",109.52,109.52,109.52,109.52,--
"Monday, August 16, 2021",109.73,109.73,109.73,109.73,--
"Friday, August 13, 2021",109.56,109.56,109.56,109.56,--
"Thursday, August 12, 2021",109.45,109.45,109.45,109.45,--
"Wednesday, August 11, 2021",109.49,109.49,109.49,109.49,--
"Tuesday, August 10, 2021",109.28,109.28,109.28,109.28,--
"Monday, August 09, 2021",109.22,109.22,109.22,109.22,--
"Friday, August 06, 2021",109.29,109.29,109.29,109.29,--
"Thursday, August 05, 2021",109.47,109.47,109.47,109.47,--
"Wednesday, August 04, 2021",109.86,109.86,109.86,109.86,--
"Tuesday, August 03, 2021",110.07,110.07,110.07,110.07,--
"Monday, August 02, 2021",109.95,109.95,109.95,109.95,--
"Friday, July 30, 2021",109.99,109.99,109.99,109.99,--
"Thursday, July 29, 2021",109.85,109.85,109.85,109.85,--
"Wednesday, July 28, 2021",109.91,109.91,109.91,109.91,--
"Tuesday, July 27, 2021",109.65,109.65,109.65,109.65,--
"Monday, July 26, 2021",109.62,109.62,109.62,109.62,--
"Friday, July 23, 2021",109.25,109.25,109.25,109.25,--
"Thursday, July 22, 2021",108.88,108.88,108.88,108.88,--
"Wednesday, July 21, 2021",108.71,108.71,108.71,108.71,--
"Tuesday, July 20, 2021",108.78,108.78,108.78,108.78,--
"Monday, July 19, 2021",108.74,108.74,108.74,108.74,--
"Friday, July 16, 2021",108.77,108.77,108.77,108.77,--
"Thursday, July 15, 2021",108.82,108.82,108.82,108.82,--
"Wednesday, July 14, 2021",108.59,108.59,108.59,108.59,--
"Tuesday, July 13, 2021",108.45,108.45,108.45,108.45,--
"Monday, July 12, 2021",108.29,108.29,108.29,108.29,--
"Friday, July 09, 2021",108,108,108,108,--
"Thursday, July 08, 2021",107.98,107.98,107.98,107.98,--
"Wednesday, July 07, 2021",108.01,108.01,108.01,108.01,--
"Tuesday, July 06, 2021",108.11,108.11,108.11,108.11,--
"Monday, July 05, 2021",107.85,107.85,107.85,107.85,--
"Friday, July 02, 2021",107.76,107.76,107.76,107.76,--
"Thursday, July 01, 2021",107.59,107.59,107.59,107.59,--
"Wednesday, June 30, 2021",107.57,107.57,107.57,107.57,--
"Tuesday, June 29, 2021",107.42,107.42,107.42,107.42,--
"Monday, June 28, 2021",107.38,107.38,107.38,107.38,--
"Friday, June 25, 2021",107.22,107.22,107.22,107.22,--
"Thursday, June 24, 2021",107.17,107.17,107.17,107.17,--
"Wednesday, June 23, 2021",107.32,107.32,107.32,107.32,--
"Tuesday, June 22, 2021",107.27,107.27,107.27,107.27,--
"Monday, June 21, 2021",106.77,106.77,106.77,106.77,--
"Friday, June 18, 2021",106.69,106.69,106.69,106.69,--
"Thursday, June 17, 2021",106.88,106.88,106.88,106.88,--
"Wednesday, June 16, 2021",106.69,106.69,106.69,106.69,--
"Tuesday, June 15, 2021",107.58,107.58,107.58,107.58,--
"Monday, June 14, 2021",107.38,107.38,107.38,107.38,--
"Friday, June 11, 2021",107.41,107.41,107.41,107.41,--
"Thursday, June 10, 2021",107.79,107.79,107.79,107.79,--
"Wednesday, June 09, 2021",107.32,107.32,107.32,107.32,--
"Tuesday, June 08, 2021",107.46,107.46,107.46,107.46,--
"Monday, June 07, 2021",107.51,107.51,107.51,107.51,--
"Friday, June 04, 2021",107.61,107.61,107.61,107.61,--
"Thursday, June 03, 2021",107.35,107.35,107.35,107.35,--
"Wednesday, June 02, 2021",107.65,107.65,107.65,107.65,--
"Tuesday, June 01, 2021",107.64,107.64,107.64,107.64,--
"Monday, May 31, 2021",107.56,107.56,107.56,107.56,--
"Friday, May 28, 2021",107.48,107.48,107.48,107.48,--
"Thursday, May 27, 2021",107.43,107.43,107.43,107.43,--
"Wednesday, May 26, 2021",107.48,107.48,107.48,107.48,--
"Tuesday, May 25, 2021",107.67,107.67,107.67,107.67,--
"Monday, May 24, 2021",107.5,107.5,107.5,107.5,--
"Friday, May 21, 2021",107.26,107.26,107.26,107.26,--
"Thursday, May 20, 2021",107.17,107.17,107.17,107.17,--
"Wednesday, May 19, 2021",107.17,107.17,107.17,107.17,--
"Tuesday, May 18, 2021",107.78,107.78,107.78,107.78,--
"Monday, May 17, 2021",107.85,107.85,107.85,107.85,--
"Friday, May 14, 2021",107.62,107.62,107.62,107.62,--
"Thursday, May 13, 2021",107.45,107.45,107.45,107.45,--
"Wednesday, May 12, 2021",107.5,107.5,107.5,107.5,--
"Tuesday, May 11, 2021",107.59,107.59,107.59,107.59,--
"Monday, May 10, 2021",107.75,107.75,107.75,107.75,--
"Friday, May 07, 2021",107.59,107.59,107.59,107.59,--
"Thursday, May 06, 2021",107.43,107.43,107.43,107.43,--
"Wednesday, May 05, 2021",107.53,107.53,107.53,107.53,--
"Tuesday, May 04, 2021",107.13,107.13,107.13,107.13,--
"Monday, May 03, 2021",106.93,106.93,106.93,106.93,--
"Friday, April 30, 2021",106.64,106.64,106.64,106.64,--
"Thursday, April 29, 2021",106.67,106.67,106.67,106.67,--
"Wednesday, April 28, 2021",106.66,106.66,106.66,106.66,--
"Tuesday, April 27, 2021",106.31,106.31,106.31,106.31,--
"Monday, April 26, 2021",106.29,106.29,106.29,106.29,--
"Friday, April 23, 2021",106.22,106.22,106.22,106.22,--
"Thursday, April 22, 2021",106.22,106.22,106.22,106.22,--
"Wednesday, April 21, 2021",106.19,106.19,106.19,106.19,--
"Tuesday, April 20, 2021",106.17,106.17,106.17,106.17,--
"Monday, April 19, 2021",106.13,106.13,106.13,106.13,--
"Friday, April 16, 2021",106.19,106.19,106.19,106.19,--
"Thursday, April 15, 2021",106.25,106.25,106.25,106.25,--
"Wednesday, April 14, 2021",105.95,105.95,105.95,105.95,--
"Tuesday, April 13, 2021",105.91,105.91,105.91,105.91,--
"Monday, April 12, 2021",105.66,105.66,105.66,105.66,--
"Friday, April 09, 2021",105.62,105.62,105.62,105.62,--
"Thursday, April 08, 2021",105.8,105.8,105.8,105.8,--
"Wednesday, April 07, 2021",105.66,105.66,105.66,105.66,--
"Tuesday, April 06, 2021",105.52,105.52,105.52,105.52,--
"Monday, April 05, 2021",105.39,105.39,105.39,105.39,--
"Thursday, April 01, 2021",105.52,105.52,105.52,105.52,--
"Wednesday, March 31, 2021",105.38,105.38,105.38,105.38,--
"Tuesday, March 30, 2021",105.34,105.34,105.34,105.34,--
"Monday, March 29, 2021",105.54,105.54,105.54,105.54,--
"Friday, March 26, 2021",105.7,105.7,105.7,105.7,--
"Thursday, March 25, 2021",105.7,105.7,105.7,105.7,--
"Wednesday, March 24, 2021",105.67,105.67,105.67,105.67,--
"Tuesday, March 23, 2021",105.46,105.46,105.46,105.46,--
"Monday, March 22, 2021",105.38,105.38,105.38,105.38,--
"Friday, March 19, 2021",105.11,105.11,105.11,105.11,--
"Thursday, March 18, 2021",105.14,105.14,105.14,105.14,--
"Wednesday, March 17, 2021",105.7,105.7,105.7,105.7,--
"Tuesday, March 16, 2021",105.72,105.72,105.72,105.72,--
"Monday, March 15, 2021",105.51,105.51,105.51,105.51,--
"Friday, March 12, 2021",105.32,105.32,105.32,105.32,--
"Thursday, March 11, 2021",105.75,105.75,105.75,105.75,--
"Wednesday, March 10, 2021",105.49,105.49,105.49,105.49,--
"Tuesday, March 09, 2021",105.11,105.11,105.11,105.11,--
"Monday, March 08, 2021",104.79,104.79,104.79,104.79,--
"Friday, March 05, 2021",105.21,105.21,105.21,105.21,--
"Thursday, March 04, 2021",105.24,105.24,105.24,105.24,--
"Wednesday, March 03, 2021",105.58,105.58,105.58,105.58,--
"Tuesday, March 02, 2021",105.74,105.74,105.74,105.74,--
"Monday, March 01, 2021",105.39,105.39,105.39,105.39,--
"Friday, February 26, 2021",105.3,105.3,105.3,105.3,--
"Thursday, February 25, 2021",104.55,104.55,104.55,104.55,--
"Wednesday, February 24, 2021",105.65,105.65,105.65,105.65,--
"Tuesday, February 23, 2021",105.66,105.66,105.66,105.66,--
"Monday, February 22, 2021",105.56,105.56,105.56,105.56,--
"Friday, February 19, 2021",105.4,105.4,105.4,105.4,--
"Thursday, February 18, 2021",105.65,105.65,105.65,105.65,--
"Wednesday, February 17, 2021",105.94,105.94,105.94,105.94,--
"Tuesday, February 16, 2021",106.03,106.03,106.03,106.03,--
"Monday, February 15, 2021",106.36,106.36,106.36,106.36,--
"Friday, February 12, 2021",106.34,106.34,106.34,106.34,--
"Thursday, February 11, 2021",106.44,106.44,106.44,106.44,--
"Wednesday, February 10, 2021",106.47,106.47,106.47,106.47,--
"Tuesday, February 09, 2021",106.37,106.37,106.37,106.37,--
"Monday, February 08, 2021",106.33,106.33,106.33,106.33,--
"Friday, February 05, 2021",106.27,106.27,106.27,106.27,--
"Thursday, February 04, 2021",106.22,106.22,106.22,106.22,--
"Wednesday, February 03, 2021",106.28,106.28,106.28,106.28,--
"Tuesday, February 02, 2021",106.23,106.23,106.23,106.23,--
"Monday, February 01, 2021",106.14,106.14,106.14,106.14,--
"Friday, January 29, 2021",106.23,106.23,106.23,106.23,--
"Thursday, January 28, 2021",106.27,106.27,106.27,106.27,--
"Wednesday, January 27, 2021",106.19,106.19,106.19,106.19,--
"Tuesday, January 26, 2021",106.16,106.16,106.16,106.16,--
"Monday, January 25, 2021",106.19,106.19,106.19,106.19,--
"Friday, January 22, 2021",106.05,106.05,106.05,106.05,--
"Thursday, January 21, 2021",106.15,106.15,106.15,106.15,--
"Wednesday, January 20, 2021",105.95,105.95,105.95,105.95,--
"Tuesday, January 19, 2021",105.85,105.85,105.85,105.85,--
"Monday, January 18, 2021",105.64,105.64,105.64,105.64,--
"Friday, January 15, 2021",105.64,105.64,105.64,105.64,--
"Thursday, January 14, 2021",105.49,105.49,105.49,105.49,--
"Wednesday, January 13, 2021",105.38,105.38,105.38,105.38,--
"Tuesday, January 12, 2021",105.3,105.3,105.3,105.3,--
"Monday, January 11, 2021",105.27,105.27,105.27,105.27,--
"Friday, January 08, 2021",105.41,105.41,105.41,105.41,--
"Thursday, January 07, 2021",105.69,105.69,105.69,105.69,--
"Wednesday, January 06, 2021",105.63,105.63,105.63,105.63,--
"Tuesday, January 05, 2021",105.74,105.74,105.74,105.74,--
"Monday, January 04, 2021",105.75,105.75,105.75,105.75,--
"Thursday, December 31, 2020",105.6,105.6,105.6,105.6,--
"Wednesday, December 30, 2020",105.42,105.42,105.42,105.42,--
"Tuesday, December 29, 2020",105.4,105.4,105.4,105.4,--
"Monday, December 28, 2020",105.45,105.45,105.45,105.45,--
"Thursday, December 24, 2020",105.45,105.45,105.45,105.45,--
"Wednesday, December 23, 2020",105.44,105.44,105.44,105.44,--
"Tuesday, December 22, 2020",105.35,105.35,105.35,105.35,--
"Monday, December 21, 2020",105.29,105.29,105.29,105.29,--
"Friday, December 18, 2020",105.32,105.32,105.32,105.32,--
"Thursday, December 17, 2020",105.31,105.31,105.31,105.31,--
"Wednesday, December 16, 2020",105.27,105.27,105.27,105.27,--
"Tuesday, December 15, 2020",105.17,105.17,105.17,105.17,--
"Monday, December 14, 2020",105.04,105.04,105.04,105.04,--
"Friday, December 11, 2020",104.99,104.99,104.99,104.99,--
"Thursday, December 10, 2020",104.97,104.97,104.97,104.97,--
"Wednesday, December 09, 2020",104.93,104.93,104.93,104.93,--
"Tuesday, December 08, 2020",104.99,104.99,104.99,104.99,--
"Monday, December 07, 2020",104.9,104.9,104.9,104.9,--
"Friday, December 04, 2020",104.7,104.7,104.7,104.7,--
"Thursday, December 03, 2020",104.66,104.66,104.66,104.66,--
"Wednesday, December 02, 2020",104.48,104.48,104.48,104.48,--
"Tuesday, December 01, 2020",104.33,104.33,104.33,104.33,--
"Monday, November 30, 2020",104.46,104.46,104.46,104.46,--
"Friday, November 27, 2020",104.37,104.37,104.37,104.37,--
"Thursday, November 26, 2020",104.23,104.23,104.23,104.23,--
"Wednesday, November 25, 2020",104.23,104.23,104.23,104.23,--
"Tuesday, November 24, 2020",104.13,104.13,104.13,104.13,--
"Monday, November 23, 2020",104.01,104.01,104.01,104.01,--
"Friday, November 20, 2020",104.01,104.01,104.01,104.01,--
"Thursday, November 19, 2020",103.96,103.96,103.96,103.96,--
"Wednesday, November 18, 2020",103.93,103.93,103.93,103.93,--
"Tuesday, November 17, 2020",103.95,103.95,103.95,103.95,--
"Monday, November 16, 2020",103.88,103.88,103.88,103.88,--
"Friday, November 13, 2020",103.89,103.89,103.89,103.89,--
"Thursday, November 12, 2020",103.93,103.93,103.93,103.93,--
"Wednesday, November 11, 2020",103.77,103.77,103.77,103.77,--
"Tuesday, November 10, 2020",103.76,103.76,103.76,103.76,--
"Monday, November 09, 2020",103.7,103.7,103.7,103.7,--
"Friday, November 06, 2020",103.7,103.7,103.7,103.7,--
"Thursday, November 05, 2020",103.95,103.95,103.95,103.95,--
"Wednesday, November 04, 2020",103.94,103.94,103.94,103.94,--
"Tuesday, November 03, 2020",103.89,103.89,103.89,103.89,--
"Monday, November 02, 2020",103.9,103.9,103.9,103.9,--
"Friday, October 30, 2020",103.76,103.76,103.76,103.76,--
"Thursday, October 29, 2020",103.95,103.95,103.95,103.95,--
"Wednesday, October 28, 2020",104.2,104.2,104.2,104.2,--
"Tuesday, October 27, 2020",104.31,104.31,104.31,104.31,--
"Monday, October 26, 2020",104.24,104.24,104.24,104.24,--
"Friday, October 23, 2020",104.19,104.19,104.19,104.19,--
"Thursday, October 22, 2020",104.21,104.21,104.21,104.21,--
"Wednesday, October 21, 2020",104.28,104.28,104.28,104.28,--
"Tuesday, October 20, 2020",104.27,104.27,104.27,104.27,--
"Monday, October 19, 2020",104.29,104.29,104.29,104.29,--
"Friday, October 16, 2020",104.37,104.37,104.37,104.37,--
"Thursday, October 15, 2020",104.37,104.37,104.37,104.37,--
"Wednesday, October 14, 2020",104.4,104.4,104.4,104.4,--
"Tuesday, October 13, 2020",104.42,104.42,104.42,104.42,--
"Monday, October 12, 2020",104.43,104.43,104.43,104.43,--
"Friday, October 09, 2020",104.39,104.39,104.39,104.39,--
"Thursday, October 08, 2020",104.42,104.42,104.42,104.42,--
"Wednesday, October 07, 2020",104.21,104.21,104.21,104.21,--
"Tuesday, October 06, 2020",104.17,104.17,104.17,104.17,--
"Monday, October 05, 2020",104.14,104.14,104.14,104.14,--
"Friday, October 02, 2020",104.21,104.21,104.21,104.21,--
"Thursday, October 01, 2020",104.27,104.27,104.27,104.27,--
"Wednesday, September 30, 2020",104.27,104.27,104.27,104.27,--
"Tuesday, September 29, 2020",104.42,104.42,104.42,104.42,--
"Monday, September 28, 2020",104.26,104.26,104.26,104.26,--
"Friday, September 25, 2020",104,104,104,104,--
"Thursday, September 24, 2020",103.97,103.97,103.97,103.97,--
"Wednesday, September 23, 2020",104.06,104.06,104.06,104.06,--
"Tuesday, September 22, 2020",104.13,104.13,104.13,104.13,--
"Monday, September 21, 2020",104.17,104.17,104.17,104.17,--
"Friday, September 18, 2020",104.33,104.33,104.33,104.33,--
"Thursday, September 17, 2020",104.37,104.37,104.37,104.37,--
"Wednesday, September 16, 2020",104.37,104.37,104.37,104.37,--
"Tuesday, September 15, 2020",104.28,104.28,104.28,104.28,--
"Monday, September 14, 2020",104.25,104.25,104.25,104.25,--
"Friday, September 11, 2020",104.25,104.25,104.25,104.25,--
"Thursday, September 10, 2020",104.33,104.33,104.33,104.33,--
"Wednesday, September 09, 2020",104.25,104.25,104.25,104.25,--
"Tuesday, September 08, 2020",104.2,104.2,104.2,104.2,--
"Monday, September 07, 2020",104.08,104.08,104.08,104.08,--
"Friday, September 04, 2020",104.02,104.02,104.02,104.02,--
"Thursday, September 03, 2020",104.24,104.24,104.24,104.24,--
"Wednesday, September 02, 2020",104.59,104.59,104.59,104.59,--
"Tuesday, September 01, 2020",104.75,104.75,104.75,104.75,--
"Monday, August 31, 2020",104.78,104.78,104.78,104.78,--
"Friday, August 28, 2020",104.47,104.47,104.47,104.47,--
"Thursday, August 27, 2020",104.18,104.18,104.18,104.18,--
"Wednesday, August 26, 2020",104.35,104.35,104.35,104.35,--
"Tuesday, August 25, 2020",104.18,104.18,104.18,104.18,--
"Monday, August 24, 2020",104.14,104.14,104.14,104.14,--
"Friday, August 21, 2020",103.88,103.88,103.88,103.88,--
"Thursday, August 20, 2020",103.87,103.87,103.87,103.87,--
"Wednesday, August 19, 2020",103.87,103.87,103.87,103.87,--
"Tuesday, August 18, 2020",103.96,103.96,103.96,103.96,--
"Monday, August 17, 2020",103.74,103.74,103.74,103.74,--
"Friday, August 14, 2020",103.63,103.63,103.63,103.63,--
"Thursday, August 13, 2020",103.7,103.7,103.7,103.7,--
"Wednesday, August 12, 2020",103.75,103.75,103.75,103.75,--
"Tuesday, August 11, 2020",103.58,103.58,103.58,103.58,--
"Monday, August 10, 2020",103.83,103.83,103.83,103.83,--
"Friday, August 07, 2020",103.78,103.78,103.78,103.78,--
"Thursday, August 06, 2020",104.01,104.01,104.01,104.01,--
"Wednesday, August 05, 2020",103.92,103.92,103.92,103.92,--
"Tuesday, August 04, 2020",103.72,103.72,103.72,103.72,--
"Monday, August 03, 2020",103.62,103.62,103.62,103.62,--
"Friday, July 31, 2020",103.33,103.33,103.33,103.33,--
"Thursday, July 30, 2020",103.2,103.2,103.2,103.2,--
"Wednesday, July 29, 2020",103.13,103.13,103.13,103.13,--
"Tuesday, July 28, 2020",102.97,102.97,102.97,102.97,--
"Monday, July 27, 2020",102.86,102.86,102.86,102.86,--
"Friday, July 24, 2020",102.95,102.95,102.95,102.95,--
"Thursday, July 23, 2020",103,103,103,103,--
"Wednesday, July 22, 2020",103.13,103.13,103.13,103.13,--
"Tuesday, July 21, 2020",103.03,103.03,103.03,103.03,--
"Monday, July 20, 2020",102.87,102.87,102.87,102.87,--
"Friday, July 17, 2020",102.76,102.76,102.76,102.76,--
"Thursday, July 16, 2020",102.63,102.63,102.63,102.63,--
"Wednesday, July 15, 2020",102.58,102.58,102.58,102.58,--
"Tuesday, July 14, 2020",102.53,102.53,102.53,102.53,--
"Monday, July 13, 2020",102.51,102.51,102.51,102.51,--
"Friday, July 10, 2020",102.35,102.35,102.35,102.35,--
"Thursday, July 09, 2020",102.49,102.49,102.49,102.49,--
"Wednesday, July 08, 2020",102.41,102.41,102.41,102.41,--
"Tuesday, July 07, 2020",102.48,102.48,102.48,102.48,--
"Monday, July 06, 2020",102.51,102.51,102.51,102.51,--
"Friday, July 03, 2020",102.23,102.23,102.23,102.23,--
"Thursday, July 02, 2020",102.23,102.23,102.23,102.23,--
"Wednesday, July 01, 2020",102.03,102.03,102.03,102.03,--
"Tuesday, June 30, 2020",101.98,101.98,101.98,101.98,--
"Monday, June 29, 2020",102.07,102.07,102.07,102.07,--
"Friday, June 26, 2020",102.02,102.02,102.02,102.02,--
"Thursday, June 25, 2020",101.91,101.91,101.91,101.91,--
"Wednesday, June 24, 2020",101.84,101.84,101.84,101.84,--
"Tuesday, June 23, 2020",102.02,102.02,102.02,102.02,--
"Monday, June 22, 2020",101.84,101.84,101.84,101.84,--
"Friday, June 19, 2020",101.79,101.79,101.79,101.79,--
"Thursday, June 18, 2020",101.62,101.62,101.62,101.62,--
"Wednesday, June 17, 2020",101.45,101.45,101.45,101.45,--
"Tuesday, June 16, 2020",101.46,101.46,101.46,101.46,--
"Monday, June 15, 2020",101.43,101.43,101.43,101.43,--
"Friday, June 12, 2020",101.41,101.41,101.41,101.41,--
"Thursday, June 11, 2020",101.63,101.63,101.63,101.63,--
"Wednesday, June 10, 2020",101.66,101.66,101.66,101.66,--
"Tuesday, June 09, 2020",101.18,101.18,101.18,101.18,--
"Monday, June 08, 2020",100.96,100.96,100.96,100.96,--
"Friday, June 05, 2020",100.77,100.77,100.77,100.77,--
"Thursday, June 04, 2020",100.74,100.74,100.74,100.74,--
"Wednesday, June 03, 2020",100.92,100.92,100.92,100.92,--
"Tuesday, June 02, 2020",101.1,101.1,101.1,101.1,--
"Monday, June 01, 2020",101.19,101.19,101.19,101.19,--
"Friday, May 29, 2020",101,101,101,101,--
"Thursday, May 28, 2020",101.03,101.03,101.03,101.03,--
"Wednesday, May 27, 2020",100.91,100.91,100.91,100.91,--
"Tuesday, May 26, 2020",100.84,100.84,100.84,100.84,--
"Monday, May 25, 2020",100.74,100.74,100.74,100.74,--
"Friday, May 22, 2020",100.76,100.76,100.76,100.76,--
"Thursday, May 21, 2020",100.87,100.87,100.87,100.87,--
"Wednesday, May 20, 2020",101,101,101,101,--
"Tuesday, May 19, 2020",100.79,100.79,100.79,100.79,--
"Monday, May 18, 2020",100.63,100.63,100.63,100.63,--
"Friday, May 15, 2020",100.64,100.64,100.64,100.64,--
"Thursday, May 14, 2020",100.58,100.58,100.58,100.58,--
"Wednesday, May 13, 2020",100.5,100.5,100.5,100.5,--
"Tuesday, May 12, 2020",100.43,100.43,100.43,100.43,--
"Monday, May 11, 2020",100.36,100.36,100.36,100.36,--
"Friday, May 08, 2020",100.52,100.52,100.52,100.52,--
"Thursday, May 07, 2020",100.57,100.57,100.57,100.57,--
"Wednesday, May 06, 2020",100.33,100.33,100.33,100.33,--
"Tuesday, May 05, 2020",100.36,100.36,100.36,100.36,--
"Monday, May 04, 2020",100.27,100.27,100.27,100.27,--
"Friday, May 01, 2020",100.22,100.22,100.22,100.22,--
"Thursday, April 30, 2020",100.48,100.48,100.48,100.48,--
"Wednesday, April 29, 2020",100.7,100.7,100.7,100.7,--
"Tuesday, April 28, 2020",100.68,100.68,100.68,100.68,--
"Monday, April 27, 2020",100.49,100.49,100.49,100.49,--
"Friday, April 24, 2020",100.44,100.44,100.44,100.44,--
"Thursday, April 23, 2020",100.11,100.11,100.11,100.11,--
"Wednesday, April 22, 2020",100,100,100,100,--
"Tuesday, April 21, 2020",99.7,99.7,99.7,99.7,--
"Monday, April 20, 2020",99.65,99.65,99.65,99.65,--
"Friday, April 17, 2020",99.85,99.85,99.85,99.85,--
"Thursday, April 16, 2020",100.07,100.07,100.07,100.07,--
"Wednesday, April 15, 2020",100.86,100.86,100.86,100.86,--
"Tuesday, April 14, 2020",100.76,100.76,100.76,100.76,--
"Monday, April 13, 2020",100.66,100.66,100.66,100.66,--
"Thursday, April 09, 2020",100.24,100.24,100.24,100.24,--
"Wednesday, April 08, 2020",99.91,99.91,99.91,99.91,--
"Tuesday, April 07, 2020",99.85,99.85,99.85,99.85,--
"Monday, April 06, 2020",99.96,99.96,99.96,99.96,--
"Friday, April 03, 2020",99.77,99.77,99.77,99.77,--
"Thursday, April 02, 2020",99.38,99.38,99.38,99.38,--
"Wednesday, April 01, 2020",98.95,98.95,98.95,98.95,--
"Tuesday, March 31, 2020",98.36,98.36,98.36,98.36,--
"Monday, March 30, 2020",98.98,98.98,98.98,98.98,--
"Friday, March 27, 2020",98.42,98.42,98.42,98.42,--
"Thursday, March 26, 2020",98.83,98.83,98.83,98.83,--
"Wednesday, March 25, 2020",98.15,98.15,98.15,98.15,--
"Tuesday, March 24, 2020",98.03,98.03,98.03,98.03,--
"Monday, March 23, 2020",97.68,97.68,97.68,97.68,--
"Friday, March 20, 2020",95.79,95.79,95.79,95.79,--
"Thursday, March 19, 2020",94.26,94.26,94.26,94.26,--
"Wednesday, March 18, 2020",94.25,94.25,94.25,94.25,--
"Tuesday, March 17, 2020",95.67,95.67,95.67,95.67,--
"Monday, March 16, 2020",97.27,97.27,97.27,97.27,--
"Friday, March 13, 2020",97.34,97.34,97.34,97.34,--
"Thursday, March 12, 2020",98.03,98.03,98.03,98.03,--
"Wednesday, March 11, 2020",98.48,98.48,98.48,98.48,--
"Tuesday, March 10, 2020",99.03,99.03,99.03,99.03,--
"Monday, March 09, 2020",100.45,100.45,100.45,100.45,--
"Friday, March 06, 2020",101.34,101.34,101.34,101.34,--
"Thursday, March 05, 2020",101.23,101.23,101.23,101.23,--
"Wednesday, March 04, 2020",101.23,101.23,101.23,101.23,--
"Tuesday, March 03, 2020",101.06,101.06,101.06,101.06,--
"Monday, March 02, 2020",100.48,100.48,100.48,100.48,--
"Friday, February 28, 2020",100.47,100.47,100.47,100.47,--
"Thursday, February 27, 2020",100.06,100.06,100.06,100.06,--
"Wednesday, February 26, 2020",100.11,100.11,100.11,100.11,--
"Tuesday, February 25, 2020",100.04,100.04,100.04,100.04,--
"Monday, February 24, 2020",100.08,100.08,100.08,100.08,--
"Friday, February 21, 2020",99.77,99.77,99.77,99.77,--
"Thursday, February 20, 2020",99.6,99.6,99.6,99.6,--
"Wednesday, February 19, 2020",99.52,99.52,99.52,99.52,--
"Tuesday, February 18, 2020",99.57,99.57,99.57,99.57,--
"Monday, February 17, 2020",99.47,99.47,99.47,99.47,--
"Friday, February 14, 2020",99.47,99.47,99.47,99.47,--
"Thursday, February 13, 2020",99.4,99.4,99.4,99.4,--
"Wednesday, February 12, 2020",99.32,99.32,99.32,99.32,--
"Tuesday, February 11, 2020",99.36,99.36,99.36,99.36,--
"Monday, February 10, 2020",99.57,99.57,99.57,99.57,--
"Friday, February 07, 2020",99.42,99.42,99.42,99.42,--
"Thursday, February 06, 2020",99.2,99.2,99.2,99.2,--
"Wednesday, February 05, 2020",99.18,99.18,99.18,99.18,--
"Tuesday, February 04, 2020",99.26,99.26,99.26,99.26,--
"Monday, February 03, 2020",99.58,99.58,99.58,99.58,--
"Friday, January 31, 2020",99.77,99.77,99.77,99.77,--
"Thursday, January 30, 2020",99.54,99.54,99.54,99.54,--
"Wednesday, January 29, 2020",99.41,99.41,99.41,99.41,--
"Tuesday, January 28, 2020",99.18,99.18,99.18,99.18,--
"Monday, January 27, 2020",99.23,99.23,99.23,99.23,--
"Friday, January 24, 2020",99.11,99.11,99.11,99.11,--
"Thursday, January 23, 2020",99,99,99,99,--
"Wednesday, January 22, 2020",98.92,98.92,98.92,98.92,--
"Tuesday, January 21, 2020",99.03,99.03,99.03,99.03,--
"Monday, January 20, 2020",98.79,98.79,98.79,98.79,--
"Friday, January 17, 2020",98.79,98.79,98.79,98.79,--
"Thursday, January 16, 2020",98.9,98.9,98.9,98.9,--
"Wednesday, January 15, 2020",99.02,99.02,99.02,99.02,--
"Tuesday, January 14, 2020",98.96,98.96,98.96,98.96,--
"Monday, January 13, 2020",98.86,98.86,98.86,98.86,--
"Friday, January 10, 2020",98.86,98.86,98.86,98.86,--
"Thursday, January 09, 2020",98.72,98.72,98.72,98.72,--
"Wednesday, January 08, 2020",98.73,98.73,98.73,98.73,--
"Tuesday, January 07, 2020",98.9,98.9,98.9,98.9,--
"Monday, January 06, 2020",99.09,99.09,99.09,99.09,--
"Friday, January 03, 2020",99.24,99.24,99.24,99.24,--
"Thursday, January 02, 2020",98.9,98.9,98.9,98.9,--
"Tuesday, December 31, 2019",98.63,98.63,98.63,98.63,--
"Monday, December 30, 2019",98.61,98.61,98.61,98.61,--
"Friday, December 27, 2019",98.59,98.59,98.59,98.59,--
"Thursday, December 26, 2019",98.53,98.53,98.53,98.53,--
"Tuesday, December 24, 2019",98.55,98.55,98.55,98.55,--
"Monday, December 23, 2019",98.41,98.41,98.41,98.41,--
"Friday, December 20, 2019",98.53,98.53,98.53,98.53,--
"Thursday, December 19, 2019",98.58,98.58,98.58,98.58,--
"Wednesday, December 18, 2019",98.47,98.47,98.47,98.47,--
"Tuesday, December 17, 2019",98.54,98.54,98.54,98.54,--
"Monday, December 16, 2019",98.43,98.43,98.43,98.43,--
"Friday, December 13, 2019",98.58,98.58,98.58,98.58,--
"Thursday, December 12, 2019",98.25,98.25,98.25,98.25,--
"Wednesday, December 11, 2019",98.63,98.63,98.63,98.63,--
"Tuesday, December 10, 2019",98.44,98.44,98.44,98.44,--
"Monday, December 09, 2019",98.44,98.44,98.44,98.44,--
"Friday, December 06, 2019",98.39,98.39,98.39,98.39,--
"Thursday, December 05, 2019",98.43,98.43,98.43,98.43,--
"Wednesday, December 04, 2019",98.53,98.53,98.53,98.53,--
"Tuesday, December 03, 2019",98.68,98.68,98.68,98.68,--
"Monday, December 02, 2019",98.14,98.14,98.14,98.14,--
"Friday, November 29, 2019",98.2,98.2,98.2,98.2,--
"Thursday, November 28, 2019",98.37,98.37,98.37,98.37,--
"Wednesday, November 27, 2019",98.37,98.37,98.37,98.37,--
"Tuesday, November 26, 2019",98.5,98.5,98.5,98.5,--
"Monday, November 25, 2019",98.42,98.42,98.42,98.42,--
"Friday, November 22, 2019",98.31,98.31,98.31,98.31,--
"Thursday, November 21, 2019",98.36,98.36,98.36,98.36,--
"Wednesday, November 20, 2019",98.43,98.43,98.43,98.43,--
"Tuesday, November 19, 2019",98.33,98.33,98.33,98.33,--
"Monday, November 18, 2019",98.27,98.27,98.27,98.27,--
"Friday, November 15, 2019",98.09,98.09,98.09,98.09,--
"Thursday, November 14, 2019",98.2,98.2,98.2,98.2,--
"Wednesday, November 13, 2019",98.12,98.12,98.12,98.12,--
"Tuesday, November 12, 2019",98.12,98.12,98.12,98.12,--
"Monday, November 11, 2019",98.1,98.1,98.1,98.1,--
"Friday, November 08, 2019",98.08,98.08,98.08,98.08,--
"Thursday, November 07, 2019",98.02,98.02,98.02,98.02,--
"Wednesday, November 06, 2019",98.47,98.47,98.47,98.47,--
"Tuesday, November 05, 2019",98.26,98.26,98.26,98.26,--
"Monday, November 04, 2019",98.45,98.45,98.45,98.45,--
"Friday, November 01, 2019",98.45,98.45,98.45,98.45,--
"Thursday, October 31, 2019",98.4,98.4,98.4,98.4,--
"Wednesday, October 30, 2019",98.03,98.03,98.03,98.03,--
"Tuesday, October 29, 2019",98.08,98.08,98.08,98.08,--
"Monday, October 28, 2019",98.15,98.15,98.15,98.15,--
"Friday, October 25, 2019",98.38,98.38,98.38,98.38,--
"Thursday, October 24, 2019",98.46,98.46,98.46,98.46,--
"Wednesday, October 23, 2019",98.43,98.43,98.43,98.43,--
"Tuesday, October 22, 2019",98.34,98.34,98.34,98.34,--
"Monday, October 21, 2019",98.26,98.26,98.26,98.26,--
"Friday, October 18, 2019",98.44,98.44,98.44,98.44,--
"Thursday, October 17, 2019",98.31,98.31,98.31,98.31,--
"Wednesday, October 16, 2019",98.3,98.3,98.3,98.3,--
"Tuesday, October 15, 2019",98.09,98.09,98.09,98.09,--
"Monday, October 14, 2019",98.36,98.36,98.36,98.36,--
"Friday, October 11, 2019",98.19,98.19,98.19,98.19,--
"Thursday, October 10, 2019",98.46,98.46,98.46,98.46,--
"Wednesday, October 09, 2019",98.61,98.61,98.61,98.61,--
"Tuesday, October 08, 2019",98.9,98.9,98.9,98.9,--
"Monday, October 07, 2019",98.92,98.92,98.92,98.92,--
"Friday, October 04, 2019",99.13,99.13,99.13,99.13,--
"Thursday, October 03, 2019",98.94,98.94,98.94,98.94,--
"Wednesday, October 02, 2019",98.75,98.75,98.75,98.75,--
"Tuesday, October 01, 2019",98.61,98.61,98.61,98.61,--
"Monday, September 30, 2019",98.36,98.36,98.36,98.36,--
"Friday, September 27, 2019",98.54,98.54,98.54,98.54,--
"Thursday, September 26, 2019",98.63,98.63,98.63,98.63,--
"Wednesday, September 25, 2019",98.53,98.53,98.53,98.53,--
"Tuesday, September 24, 2019",98.94,98.94,98.94,98.94,--
"Monday, September 23, 2019",98.72,98.72,98.72,98.72,--
"Friday, September 20, 2019",98.54,98.54,98.54,98.54,--
"Thursday, September 19, 2019",98.35,98.35,98.35,98.35,--
"Wednesday, September 18, 2019",98.31,98.31,98.31,98.31,--
"Tuesday, September 17, 2019",98.51,98.51,98.51,98.51,--
"Monday, September 16, 2019",98.48,98.48,98.48,98.48,--
"Friday, September 13, 2019",98.09,98.09,98.09,98.09,--
"Thursday, September 12, 2019",98.44,98.44,98.44,98.44,--
"Wednesday, September 11, 2019",98.61,98.61,98.61,98.61,--
"Tuesday, September 10, 2019",98.75,98.75,98.75,98.75,--
"Monday, September 09, 2019",99.06,99.06,99.06,99.06,--
"Friday, September 06, 2019",99.25,99.25,99.25,99.25,--
"Thursday, September 05, 2019",99.22,99.22,99.22,99.22,--
"Wednesday, September 04, 2019",99.57,99.57,99.57,99.57,--
"Tuesday, September 03, 2019",99.41,99.41,99.41,99.41,--
"Monday, September 02, 2019",99.52,99.52,99.52,99.52,--
"Friday, August 30, 2019",99.51,99.51,99.51,99.51,--
"Thursday, August 29, 2019",99.69,99.69,99.69,99.69,--
"Wednesday, August 28, 2019",99.71,99.71,99.71,99.71,--
"Tuesday, August 27, 2019",99.56,99.56,99.56,99.56,--
"Monday, August 26, 2019",99.3,99.3,99.3,99.3,--
"Friday, August 23, 2019",99.4,99.4,99.4,99.4,--
"Thursday, August 22, 2019",99,99,99,99,--
"Wednesday, August 21, 2019",99.18,99.18,99.18,99.18,--
"Tuesday, August 20, 2019",99.29,99.29,99.29,99.29,--
"Monday, August 19, 2019",99.26,99.26,99.26,99.26,--
"Friday, August 16, 2019",99.44,99.44,99.44,99.44,--
"Thursday, August 15, 2019",99.44,99.44,99.44,99.44,--
"Wednesday, August 14, 2019",99.29,99.29,99.29,99.29,--
"Tuesday, August 13, 2019",99.25,99.25,99.25,99.25,--
"Monday, August 12, 2019",99.4,99.4,99.4,99.4,--
"Friday, August 09, 2019",99.17,99.17,99.17,99.17,--
"Thursday, August 08, 2019",99.27,99.27,99.27,99.27,--
"Wednesday, August 07, 2019",99.2,99.2,99.2,99.2,--
"Tuesday, August 06, 2019",99.06,99.06,99.06,99.06,--
"Monday, August 05, 2019",98.99,98.99,98.99,98.99,--
"Friday, August 02, 2019",98.68,98.68,98.68,98.68,--
"Thursday, August 01, 2019",98.72,98.72,98.72,98.72,--
"Wednesday, July 31, 2019",98.38,98.38,98.38,98.38,--
"Tuesday, July 30, 2019",98.35,98.35,98.35,98.35,--
"Monday, July 29, 2019",98.33,98.33,98.33,98.33,--
"Friday, July 26, 2019",98.26,98.26,98.26,98.26,--
"Thursday, July 25, 2019",98.42,98.42,98.42,98.42,--
"Wednesday, July 24, 2019",98.54,98.54,98.54,98.54,--
"Tuesday, July 23, 2019",98.53,98.53,98.53,98.53,--
"Monday, July 22, 2019",98.61,98.61,98.61,98.61,--
"Friday, July 19, 2019",98.6,98.6,98.6,98.6,--
"Thursday, July 18, 2019",98.59,98.59,98.59,98.59,--
"Wednesday, July 17, 2019",98.58,98.58,98.58,98.58,--
"Tuesday, July 16, 2019",98.43,98.43,98.43,98.43,--
"Monday, July 15, 2019",98.53,98.53,98.53,98.53,--
"Friday, July 12, 2019",98.45,98.45,98.45,98.45,--
"Thursday, July 11, 2019",98.36,98.36,98.36,98.36,--
"Wednesday, July 10, 2019",98.49,98.49,98.49,98.49,--
"Tuesday, July 09, 2019",98.26,98.26,98.26,98.26,--
"Monday, July 08, 2019",98.29,98.29,98.29,98.29,--
"Friday, July 05, 2019",98.22,98.22,98.22,98.22,--
"Thursday, July 04, 2019",98.53,98.53,98.53,98.53,--
"Wednesday, July 03, 2019",98.52,98.52,98.52,98.52,--
"Tuesday, July 02, 2019",98.47,98.47,98.47,98.47,--
"Monday, July 01, 2019",98.41,98.41,98.41,98.41,--
"Monday, July 01, 2019",98.41,98.41,98.41,98.41,--
"Friday, June 28, 2019",98.47,98.47,98.47,98.47,--
"Thursday, June 27, 2019",98.5,98.5,98.5,98.5,--
"Wednesday, June 26, 2019",98.4,98.4,98.4,98.4,--
"Tuesday, June 25, 2019",98.48,98.48,98.48,98.48,--
"Monday, June 24, 2019",98.57,98.57,98.57,98.57,--
"Monday, June 17, 2019",97.62,97.62,97.62,97.62,--
"Friday, June 14, 2019",97.71,97.71,97.71,97.71,--
"Thursday, June 13, 2019",98,98,98,98,--
"Wednesday, June 12, 2019",97.89,97.89,97.89,97.89,--
"Tuesday, June 11, 2019",97.91,97.91,97.91,97.91,--
"Monday, June 10, 2019",97.98,97.98,97.98,97.98,--
"Friday, June 07, 2019",98.23,98.23,98.23,98.23,--
"Thursday, June 06, 2019",97.99,97.99,97.99,97.99,--
"Wednesday, June 05, 2019",98.17,98.17,98.17,98.17,--
"Tuesday, June 04, 2019",98.07,98.07,98.07,98.07,--
"Monday, June 03, 2019",98.16,98.16,98.16,98.16,--
"Friday, May 31, 2019",97.84,97.84,97.84,97.84,--
"Thursday, May 30, 2019",97.38,97.38,97.38,97.38,--
"Wednesday, May 29, 2019",97.34,97.34,97.34,97.34,--
"Tuesday, May 28, 2019",97.12,97.12,97.12,97.12,--
"Monday, May 27, 2019",97,97,97,97,--
"Friday, May 24, 2019",96.95,96.95,96.95,96.95,--
"Thursday, May 23, 2019",97.07,97.07,97.07,97.07,--
"Wednesday, May 22, 2019",96.88,96.88,96.88,96.88,--
"Tuesday, May 21, 2019",96.89,96.89,96.89,96.89,--
"Monday, May 20, 2019",96.9,96.9,96.9,96.9,--
"Friday, May 17, 2019",97.04,97.04,97.04,97.04,--
"Thursday, May 16, 2019",97.11,97.11,97.11,97.11,--
"Wednesday, May 15, 2019",97.23,97.23,97.23,97.23,--
"Tuesday, May 14, 2019",97.04,97.04,97.04,97.04,--
"Monday, May 13, 2019",97.03,97.03,97.03,97.03,--
"Friday, May 10, 2019",96.8,96.8,96.8,96.8,--
"Thursday, May 09, 2019",96.7,96.7,96.7,96.7,--
"Wednesday, May 08, 2019",96.64,96.64,96.64,96.64,--
"Tuesday, May 07, 2019",96.85,96.85,96.85,96.85,--
"Monday, May 06, 2019",96.8,96.8,96.8,96.8,--
"Friday, May 03, 2019",96.63,96.63,96.63,96.63,--
"Thursday, May 02, 2019",96.42,96.42,96.42,96.42,--
"Wednesday, May 01, 2019",96.86,96.86,96.86,96.86,--
"Tuesday, April 30, 2019",97.03,97.03,97.03,97.03,--
"Monday, April 29, 2019",96.94,96.94,96.94,96.94,--
"Friday, April 26, 2019",97.01,97.01,97.01,97.01,--
"Thursday, April 25, 2019",96.95,96.95,96.95,96.95,--
"Wednesday, April 24, 2019",96.92,96.92,96.92,96.92,--
"Tuesday, April 23, 2019",96.7,96.7,96.7,96.7,--
"Monday, April 22, 2019",96.58,96.58,96.58,96.58,--
"Thursday, April 18, 2019",96.64,96.64,96.64,96.64,--
"Wednesday, April 17, 2019",96.44,96.44,96.44,96.44,--
"Tuesday, April 16, 2019",96.5,96.5,96.5,96.5,--
"Monday, April 15, 2019",96.63,96.63,96.63,96.63,--
"Friday, April 12, 2019",96.64,96.64,96.64,96.64,--
"Thursday, April 11, 2019",96.75,96.75,96.75,96.75,--
"Wednesday, April 10, 2019",96.96,96.96,96.96,96.96,--
"Tuesday, April 09, 2019",96.68,96.68,96.68,96.68,--
"Monday, April 08, 2019",96.61,96.61,96.61,96.61,--
"Friday, April 05, 2019",96.6,96.6,96.6,96.6,--
"Thursday, April 04, 2019",96.59,96.59,96.59,96.59,--
"Wednesday, April 03, 2019",96.58,96.58,96.58,96.58,--
"Tuesday, April 02, 2019",96.74,96.74,96.74,96.74,--
"Monday, April 01, 2019",96.67,96.67,96.67,96.67,--
"Friday, March 29, 2019",96.82,96.82,96.82,96.82,--
"Thursday, March 28, 2019",96.78,96.78,96.78,96.78,--
"Wednesday, March 27, 2019",96.91,96.91,96.91,96.91,--
"Tuesday, March 26, 2019",96.87,96.87,96.87,96.87,--
"Monday, March 25, 2019",97.02,97.02,97.02,97.02,--
"Friday, March 22, 2019",96.89,96.89,96.89,96.89,--
"Thursday, March 21, 2019",96.74,96.74,96.74,96.74,--
"Wednesday, March 20, 2019",96.81,96.81,96.81,96.81,--
"Tuesday, March 19, 2019",96.35,96.35,96.35,96.35,--
"Monday, March 18, 2019",96.43,96.43,96.43,96.43,--
"Friday, March 15, 2019",96.41,96.41,96.41,96.41,--
"Thursday, March 14, 2019",96.24,96.24,96.24,96.24,--
"Wednesday, March 13, 2019",96.19,96.19,96.19,96.19,--
"Tuesday, March 12, 2019",96.14,96.14,96.14,96.14,--
"Monday, March 11, 2019",95.98,95.98,95.98,95.98,--
"Friday, March 08, 2019",96.01,96.01,96.01,96.01,--
"Thursday, March 07, 2019",95.95,95.95,95.95,95.95,--
"Wednesday, March 06, 2019",95.74,95.74,95.74,95.74,--
"Tuesday, March 05, 2019",95.67,95.67,95.67,95.67,--
"Monday, March 04, 2019",95.72,95.72,95.72,95.72,--
"Friday, March 01, 2019",95.61,95.61,95.61,95.61,--
"Thursday, February 28, 2019",95.79,95.79,95.79,95.79,--
"Wednesday, February 27, 2019",95.87,95.87,95.87,95.87,--
"Tuesday, February 26, 2019",96.06,96.06,96.06,96.06,--
"Monday, February 25, 2019",95.87,95.87,95.87,95.87,--
"Friday, February 22, 2019",95.99,95.99,95.99,95.99,--
"Thursday, February 21, 2019",95.76,95.76,95.76,95.76,--
"Wednesday, February 20, 2019",95.88,95.88,95.88,95.88,--
"Tuesday, February 19, 2019",95.85,95.85,95.85,95.85,--
"Monday, February 18, 2019",95.69,95.69,95.69,95.69,--
"Friday, February 15, 2019",95.72,95.72,95.72,95.72,--
"Thursday, February 14, 2019",95.75,95.75,95.75,95.75,--
"Wednesday, February 13, 2019",95.53,95.53,95.53,95.53,--
"Tuesday, February 12, 2019",95.53,95.53,95.53,95.53,--
"Monday, February 11, 2019",95.55,95.55,95.55,95.55,--
"Friday, February 08, 2019",95.75,95.75,95.75,95.75,--
"Thursday, February 07, 2019",95.68,95.68,95.68,95.68,--
"Wednesday, February 06, 2019",95.63,95.63,95.63,95.63,--
"Tuesday, February 05, 2019",95.58,95.58,95.58,95.58,--
"Monday, February 04, 2019",95.58,95.58,95.58,95.58,--
"Friday, February 01, 2019",95.75,95.75,95.75,95.75,--
"Thursday, January 31, 2019",95.96,95.96,95.96,95.96,--
"Wednesday, January 30, 2019",95.55,95.55,95.55,95.55,--
"Tuesday, January 29, 2019",95.19,95.19,95.19,95.19,--
"Monday, January 28, 2019",95.04,95.04,95.04,95.04,--
"Friday, January 25, 2019",95.09,95.09,95.09,95.09,--
"Thursday, January 24, 2019",95.21,95.21,95.21,95.21,--
"Wednesday, January 23, 2019",95.14,95.14,95.14,95.14,--
"Tuesday, January 22, 2019",95.23,95.23,95.23,95.23,--
"Monday, January 21, 2019",95.15,95.15,95.15,95.15,--
"Friday, January 18, 2019",95.2,95.2,95.2,95.2,--
"Thursday, January 17, 2019",95.27,95.27,95.27,95.27,--
"Wednesday, January 16, 2019",95.4,95.4,95.4,95.4,--
"Tuesday, January 15, 2019",95.43,95.43,95.43,95.43,--
"Monday, January 14, 2019",95.51,95.51,95.51,95.51,--
"Friday, January 11, 2019",95.61,95.61,95.61,95.61,--
"Thursday, January 10, 2019",95.4,95.4,95.4,95.4,--
"Wednesday, January 09, 2019",95.53,95.53,95.53,95.53,--
"Tuesday, January 08, 2019",95.44,95.44,95.44,95.44,--
"Monday, January 07, 2019",95.45,95.45,95.45,95.45,--
"Friday, January 04, 2019",95.5,95.5,95.5,95.5,--
"Thursday, January 03, 2019",95.64,95.64,95.64,95.64,--
"Wednesday, January 02, 2019",95.11,95.11,95.11,95.11,--
"Monday, December 31, 2018",95.07,95.07,95.07,95.07,--
"Friday, December 28, 2018",94.92,94.92,94.92,94.92,--
"Thursday, December 27, 2018",94.89,94.89,94.89,94.89,--
"Wednesday, December 26, 2018",94.82,94.82,94.82,94.82,--
"Monday, December 24, 2018",94.91,94.91,94.91,94.91,--
"Friday, December 21, 2018",94.82,94.82,94.82,94.82,--
"Thursday, December 20, 2018",94.72,94.72,94.72,94.72,--
"Wednesday, December 19, 2018",95.11,95.11,95.11,95.11,--
"Tuesday, December 18, 2018",94.98,94.98,94.98,94.98,--
"Monday, December 17, 2018",94.84,94.84,94.84,94.84,--
"Friday, December 14, 2018",94.75,94.75,94.75,94.75,--
"Thursday, December 13, 2018",94.71,94.71,94.71,94.71,--
"Wednesday, December 12, 2018",94.69,94.69,94.69,94.69,--
"Tuesday, December 11, 2018",94.79,94.79,94.79,94.79,--
"Monday, December 10, 2018",95.12,95.12,95.12,95.12,--
"Friday, December 07, 2018",95.31,95.31,95.31,95.31,--
"Thursday, December 06, 2018",95.19,95.19,95.19,95.19,--
"Wednesday, December 05, 2018",95.17,95.17,95.17,95.17,--
"Tuesday, December 04, 2018",95.22,95.22,95.22,95.22,--
"Monday, December 03, 2018",95.08,95.08,95.08,95.08,--
"Friday, November 30, 2018",95.01,95.01,95.01,95.01,--
"Thursday, November 29, 2018",94.93,94.93,94.93,94.93,--
"Wednesday, November 28, 2018",94.75,94.75,94.75,94.75,--
"Tuesday, November 27, 2018",94.54,94.54,94.54,94.54,--
"Monday, November 26, 2018",94.72,94.72,94.72,94.72,--
"Friday, November 23, 2018",94.77,94.77,94.77,94.77,--
"Thursday, November 22, 2018",94.89,94.89,94.89,94.89,--
"Wednesday, November 21, 2018",94.89,94.89,94.89,94.89,--
"Tuesday, November 20, 2018",95.02,95.02,95.02,95.02,--
"Monday, November 19, 2018",95.09,95.09,95.09,95.09,--
"Friday, November 16, 2018",95.12,95.12,95.12,95.12,--
"Thursday, November 15, 2018",94.79,94.79,94.79,94.79,--
"Wednesday, November 14, 2018",94.79,94.79,94.79,94.79,--
"Tuesday, November 13, 2018",94.75,94.75,94.75,94.75,--
"Monday, November 12, 2018",94.75,94.75,94.75,94.75,--
"Friday, November 09, 2018",94.59,94.59,94.59,94.59,--
"Thursday, November 08, 2018",94.52,94.52,94.52,94.52,--
"Wednesday, November 07, 2018",94.69,94.69,94.69,94.69,--
"Tuesday, November 06, 2018",94.71,94.71,94.71,94.71,--
"Monday, November 05, 2018",94.7,94.7,94.7,94.7,--
"Friday, November 02, 2018",94.59,94.59,94.59,94.59,--
"Thursday, November 01, 2018",94.79,94.79,94.79,94.79,--
"Wednesday, October 31, 2018",94.93,94.93,94.93,94.93,--
"Tuesday, October 30, 2018",95.17,95.17,95.17,95.17,--
"Monday, October 29, 2018",95.3,95.3,95.3,95.3,--
"Friday, October 26, 2018",95.35,95.35,95.35,95.35,--
"Thursday, October 25, 2018",94.96,94.96,94.96,94.96,--
"Wednesday, October 24, 2018",95.16,95.16,95.16,95.16,--
"Tuesday, October 23, 2018",95.04,95.04,95.04,95.04,--
"Monday, October 22, 2018",95.04,95.04,95.04,95.04,--
"Friday, October 19, 2018",95.06,95.06,95.06,95.06,--
"Thursday, October 18, 2018",95.13,95.13,95.13,95.13,--
"Wednesday, October 17, 2018",95.21,95.21,95.21,95.21,--
"Tuesday, October 16, 2018",95.33,95.33,95.33,95.33,--
"Monday, October 15, 2018",95.32,95.32,95.32,95.32,--
"Friday, October 12, 2018",95.36,95.36,95.36,95.36,--
"Thursday, October 11, 2018",95.38,95.38,95.38,95.38,--
"Wednesday, October 10, 2018",95.3,95.3,95.3,95.3,--
"Tuesday, October 09, 2018",95.42,95.42,95.42,95.42,--
"Monday, October 08, 2018",95.27,95.27,95.27,95.27,--
"Friday, October 05, 2018",95.28,95.28,95.28,95.28,--
"Thursday, October 04, 2018",95.4,95.4,95.4,95.4,--
"Wednesday, October 03, 2018",95.63,95.63,95.63,95.63,--
"Tuesday, October 02, 2018",95.93,95.93,95.93,95.93,--
"Monday, October 01, 2018",95.9,95.9,95.9,95.9,--
"Friday, September 28, 2018",95.95,95.95,95.95,95.95,--
"Thursday, September 27, 2018",95.94,95.94,95.94,95.94,--
"Wednesday, September 26, 2018",95.95,95.95,95.95,95.95,--
"Tuesday, September 25, 2018",95.84,95.84,95.84,95.84,--
"Monday, September 24, 2018",95.94,95.94,95.94,95.94,--
"Friday, September 21, 2018",95.97,95.97,95.97,95.97,--
"Thursday, September 20, 2018",95.88,95.88,95.88,95.88,--
"Wednesday, September 19, 2018",95.91,95.91,95.91,95.91,--
"Tuesday, September 18, 2018",95.99,95.99,95.99,95.99,--
"Monday, September 17, 2018",96.06,96.06,96.06,96.06,--
"Friday, September 14, 2018",96.1,96.1,96.1,96.1,--
"Thursday, September 13, 2018",96.21,96.21,96.21,96.21,--
"Wednesday, September 12, 2018",96.4,96.4,96.4,96.4,--
"Tuesday, September 11, 2018",96.32,96.32,96.32,96.32,--
"Monday, September 10, 2018",96.41,96.41,96.41,96.41,--
"Friday, September 07, 2018",96.45,96.45,96.45,96.45,--
"Thursday, September 06, 2018",96.66,96.66,96.66,96.66,--
"Wednesday, September 05, 2018",96.64,96.64,96.64,96.64,--
"Tuesday, September 04, 2018",96.67,96.67,96.67,96.67,--
"Monday, September 03, 2018",96.84,96.84,96.84,96.84,--
"Friday, August 31, 2018",96.84,96.84,96.84,96.84,--
"Thursday, August 30, 2018",96.83,96.83,96.83,96.83,--
"Wednesday, August 29, 2018",96.8,96.8,96.8,96.8,--
"Tuesday, August 28, 2018",96.77,96.77,96.77,96.77,--
"Monday, August 27, 2018",96.97,96.97,96.97,96.97,--
"Friday, August 24, 2018",96.98,96.98,96.98,96.98,--
"Thursday, August 23, 2018",97.02,97.02,97.02,97.02,--
"Wednesday, August 22, 2018",96.99,96.99,96.99,96.99,--
"Tuesday, August 21, 2018",96.83,96.83,96.83,96.83,--
"Monday, August 20, 2018",96.93,96.93,96.93,96.93,--
"Friday, August 17, 2018",96.69,96.69,96.69,96.69,--
"Thursday, August 16, 2018",96.71,96.71,96.71,96.71,--
"Wednesday, August 15, 2018",96.81,96.81,96.81,96.81,--
"Tuesday, August 14, 2018",96.69,96.69,96.69,96.69,--
"Monday, August 13, 2018",96.81,96.81,96.81,96.81,--
"Friday, August 10, 2018",96.85,96.85,96.85,96.85,--
"Thursday, August 09, 2018",96.48,96.48,96.48,96.48,--
"Wednesday, August 08, 2018",96.41,96.41,96.41,96.41,--
"Tuesday, August 07, 2018",96.44,96.44,96.44,96.44,--
"Monday, August 06, 2018",96.56,96.56,96.56,96.56,--
"Friday, August 03, 2018",96.48,96.48,96.48,96.48,--
"Thursday, August 02, 2018",96.36,96.36,96.36,96.36,--
"Wednesday, August 01, 2018",96.29,96.29,96.29,96.29,--
"Tuesday, July 31, 2018",96.41,96.41,96.41,96.41,--
"Monday, July 30, 2018",96.44,96.44,96.44,96.44,--
"Friday, July 27, 2018",96.36,96.36,96.36,96.36,--
"Thursday, July 26, 2018",96.36,96.36,96.36,96.36,--
"Wednesday, July 25, 2018",96.52,96.52,96.52,96.52,--
"Tuesday, July 24, 2018",96.42,96.42,96.42,96.42,--
"Monday, July 23, 2018",96.39,96.39,96.39,96.39,--
"Friday, July 20, 2018",96.73,96.73,96.73,96.73,--
"Thursday, July 19, 2018",96.83,96.83,96.83,96.83,--
"Wednesday, July 18, 2018",96.76,96.76,96.76,96.76,--
"Tuesday, July 17, 2018",96.85,96.85,96.85,96.85,--
"Monday, July 16, 2018",96.94,96.94,96.94,96.94,--
"Friday, July 13, 2018",97.12,97.12,97.12,97.12,--
"Thursday, July 12, 2018",96.97,96.97,96.97,96.97,--
"Wednesday, July 11, 2018",97.11,97.11,97.11,97.11,--
"Tuesday, July 10, 2018",97.05,97.05,97.05,97.05,--
"Monday, July 09, 2018",97.2,97.2,97.2,97.2,--
"Friday, July 06, 2018",97.23,97.23,97.23,97.23,--
"Thursday, July 05, 2018",97.17,97.17,97.17,97.17,--
"Wednesday, July 04, 2018",97.17,97.17,97.17,97.17,--
"Tuesday, July 03, 2018",97.16,97.16,97.16,97.16,--
"Monday, July 02, 2018",97.08,97.08,97.08,97.08,--
"Friday, June 29, 2018",97,97,97,97,--
"Thursday, June 28, 2018",96.98,96.98,96.98,96.98,--
"Wednesday, June 27, 2018",97.16,97.16,97.16,97.16,--
"Tuesday, June 26, 2018",96.92,96.92,96.92,96.92,--
"Monday, June 25, 2018",96.89,96.89,96.89,96.89,--
"Friday, June 22, 2018",96.8,96.8,96.8,96.8,--
"Thursday, June 21, 2018",96.72,96.72,96.72,96.72,--
"Wednesday, June 20, 2018",96.6,96.6,96.6,96.6,--
"Tuesday, June 19, 2018",96.78,96.78,96.78,96.78,--
"Monday, June 18, 2018",96.66,96.66,96.66,96.66,--
"Friday, June 15, 2018",96.6,96.6,96.6,96.6,--
"Thursday, June 14, 2018",96.51,96.51,96.51,96.51,--
"Wednesday, June 13, 2018",96.45,96.45,96.45,96.45,--
"Tuesday, June 12, 2018",96.53,96.53,96.53,96.53,--
"Monday, June 11, 2018",96.56,96.56,96.56,96.56,--
"Friday, June 08, 2018",96.59,96.59,96.59,96.59,--
"Thursday, June 07, 2018",96.69,96.69,96.69,96.69,--
"Wednesday, June 06, 2018",96.51,96.51,96.51,96.51,--
"Tuesday, June 05, 2018",96.68,96.68,96.68,96.68,--
"Monday, June 04, 2018",96.62,96.62,96.62,96.62,--
"Friday, June 01, 2018",96.69,96.69,96.69,96.69,--
"Thursday, May 31, 2018",97,97,97,97,--
"Wednesday, May 30, 2018",96.83,96.83,96.83,96.83,--
"Tuesday, May 29, 2018",97.1,97.1,97.1,97.1,--
"Monday, May 28, 2018",96.49,96.49,96.49,96.49,--
"Friday, May 25, 2018",96.46,96.46,96.46,96.46,--
"Thursday, May 24, 2018",96.43,96.43,96.43,96.43,--
"Wednesday, May 23, 2018",96.48,96.48,96.48,96.48,--
"Tuesday, May 22, 2018",96.23,96.23,96.23,96.23,--
"Monday, May 21, 2018",96.27,96.27,96.27,96.27,--
"Friday, May 18, 2018",96.18,96.18,96.18,96.18,--
"Thursday, May 17, 2018",96.07,96.07,96.07,96.07,--
"Wednesday, May 16, 2018",96.16,96.16,96.16,96.16,--
"Tuesday, May 15, 2018",96.22,96.22,96.22,96.22,--
"Monday, May 14, 2018",96.45,96.45,96.45,96.45,--
"Friday, May 11, 2018",96.56,96.56,96.56,96.56,--
"Thursday, May 10, 2018",96.55,96.55,96.55,96.55,--
"Wednesday, May 09, 2018",96.52,96.52,96.52,96.52,--
"Tuesday, May 08, 2018",96.59,96.59,96.59,96.59,--
"Monday, May 07, 2018",96.72,96.72,96.72,96.72,--
"Friday, May 04, 2018",96.63,96.63,96.63,96.63,--
"Thursday, May 03, 2018",96.66,96.66,96.66,96.66,--
"Wednesday, May 02, 2018",96.62,96.62,96.62,96.62,--
"Tuesday, May 01, 2018",96.52,96.52,96.52,96.52,--
"Monday, April 30, 2018",96.73,96.73,96.73,96.73,--
"Friday, April 27, 2018",96.61,96.61,96.61,96.61,--
"Thursday, April 26, 2018",96.5,96.5,96.5,96.5,--
"Wednesday, April 25, 2018",96.35,96.35,96.35,96.35,--
"Tuesday, April 24, 2018",96.49,96.49,96.49,96.49,--
"Monday, April 23, 2018",96.63,96.63,96.63,96.63,--
"Friday, April 20, 2018",96.66,96.66,96.66,96.66,--
"Thursday, April 19, 2018",96.88,96.88,96.88,96.88,--
"Wednesday, April 18, 2018",96.98,96.98,96.98,96.98,--
"Tuesday, April 17, 2018",97.15,97.15,97.15,97.15,--
"Monday, April 16, 2018",97.04,97.04,97.04,97.04,--
"Friday, April 13, 2018",97.06,97.06,97.06,97.06,--
"Thursday, April 12, 2018",97.04,97.04,97.04,97.04,--
"Wednesday, April 11, 2018",97.15,97.15,97.15,97.15,--
"Tuesday, April 10, 2018",97.03,97.03,97.03,97.03,--
"Monday, April 09, 2018",97.05,97.05,97.05,97.05,--
"Friday, April 06, 2018",97.07,97.07,97.07,97.07,--
"Thursday, April 05, 2018",96.84,96.84,96.84,96.84,--
"Wednesday, April 04, 2018",97.09,97.09,97.09,97.09,--
"Tuesday, April 03, 2018",97.04,97.04,97.04,97.04,--
"Monday, April 02, 2018",97.14,97.14,97.14,97.14,--
"Thursday, March 29, 2018",97.08,97.08,97.08,97.08,--
"Wednesday, March 28, 2018",96.94,96.94,96.94,96.94,--
"Tuesday, March 27, 2018",97.01,97.01,97.01,97.01,--
"Monday, March 26, 2018",96.82,96.82,96.82,96.82,--
"Friday, March 23, 2018",96.84,96.84,96.84,96.84,--
"Thursday, March 22, 2018",96.82,96.82,96.82,96.82,--
"Wednesday, March 21, 2018",96.54,96.54,96.54,96.54,--
"Tuesday, March 20, 2018",96.55,96.55,96.55,96.55,--
"Monday, March 19, 2018",96.67,96.67,96.67,96.67,--
"Friday, March 16, 2018",96.68,96.68,96.68,96.68,--
"Thursday, March 15, 2018",96.81,96.81,96.81,96.81,--
"Wednesday, March 14, 2018",96.86,96.86,96.86,96.86,--
"Tuesday, March 13, 2018",96.73,96.73,96.73,96.73,--
"Monday, March 12, 2018",96.67,96.67,96.67,96.67,--
"Friday, March 09, 2018",96.61,96.61,96.61,96.61,--
"Thursday, March 08, 2018",96.77,96.77,96.77,96.77,--
"Wednesday, March 07, 2018",96.71,96.71,96.71,96.71,--
"Tuesday, March 06, 2018",96.77,96.77,96.77,96.77,--
"Monday, March 05, 2018",96.79,96.79,96.79,96.79,--
"Friday, March 02, 2018",96.79,96.79,96.79,96.79,--
"Thursday, March 01, 2018",96.81,96.81,96.81,96.81,--
"Wednesday, February 28, 2018",96.57,96.57,96.57,96.57,--
"Tuesday, February 27, 2018",96.47,96.47,96.47,96.47,--
"Monday, February 26, 2018",96.76,96.76,96.76,96.76,--
"Friday, February 23, 2018",96.62,96.62,96.62,96.62,--
"Thursday, February 22, 2018",96.4,96.4,96.4,96.4,--
"Wednesday, February 21, 2018",96.29,96.29,96.29,96.29,--
"Tuesday, February 20, 2018",96.44,96.44,96.44,96.44,--
"Monday, February 19, 2018",96.47,96.47,96.47,96.47,--
"Friday, February 16, 2018",96.5,96.5,96.5,96.5,--
"Thursday, February 15, 2018",96.45,96.45,96.45,96.45,--
"Wednesday, February 14, 2018",96.34,96.34,96.34,96.34,--
"Tuesday, February 13, 2018",96.45,96.45,96.45,96.45,--
"Monday, February 12, 2018",96.43,96.43,96.43,96.43,--
"Friday, February 09, 2018",96.48,96.48,96.48,96.48,--
"Thursday, February 08, 2018",96.6,96.6,96.6,96.6,--
"Wednesday, February 07, 2018",96.75,96.75,96.75,96.75,--
"Tuesday, February 06, 2018",96.99,96.99,96.99,96.99,--
"Monday, February 05, 2018",96.99,96.99,96.99,96.99,--
"Friday, February 02, 2018",96.82,96.82,96.82,96.82,--
"Thursday, February 01, 2018",97.01,97.01,97.01,97.01,--
"Wednesday, January 31, 2018",97.21,97.21,97.21,97.21,--
"Tuesday, January 30, 2018",97.18,97.18,97.18,97.18,--
"Monday, January 29, 2018",97.31,97.31,97.31,97.31,--
"Friday, January 26, 2018",97.47,97.47,97.47,97.47,--
"Thursday, January 25, 2018",97.57,97.57,97.57,97.57,--
"Wednesday, January 24, 2018",97.48,97.48,97.48,97.48,--
"Tuesday, January 23, 2018",97.54,97.54,97.54,97.54,--
"Monday, January 22, 2018",97.41,97.41,97.41,97.41,--
"Friday, January 19, 2018",97.53,97.53,97.53,97.53,--
"Thursday, January 18, 2018",97.62,97.62,97.62,97.62,--
"Wednesday, January 17, 2018",97.6,97.6,97.6,97.6,--
"Tuesday, January 16, 2018",97.74,97.74,97.74,97.74,--
"Monday, January 15, 2018",97.63,97.63,97.63,97.63,--
"Friday, January 12, 2018",97.64,97.64,97.64,97.64,--
"Thursday, January 11, 2018",97.68,97.68,97.68,97.68,--
"Wednesday, January 10, 2018",97.73,97.73,97.73,97.73,--
"Tuesday, January 09, 2018",97.77,97.77,97.77,97.77,--
"Monday, January 08, 2018",97.95,97.95,97.95,97.95,--
"Friday, January 05, 2018",97.96,97.96,97.96,97.96,--
"Thursday, January 04, 2018",98.01,98.01,98.01,98.01,--
"Wednesday, January 03, 2018",98.02,98.02,98.02,98.02,--
"Tuesday, January 02, 2018",97.95,97.95,97.95,97.95,--
"Friday, December 29, 2017",98.09,98.09,98.09,98.09,--
"Thursday, December 28, 2017",97.88,97.88,97.88,97.88,--
"Wednesday, December 27, 2017",98.01,98.01,98.01,98.01,--
"Tuesday, December 26, 2017",97.8,97.8,97.8,97.8,--
"Friday, December 22, 2017",97.77,97.77,97.77,97.77,--
"Thursday, December 21, 2017",97.78,97.78,97.78,97.78,--
"Wednesday, December 20, 2017",97.53,97.53,97.53,97.53,--
"Tuesday, December 19, 2017",97.65,97.65,97.65,97.65,--
"Monday, December 18, 2017",97.91,97.91,97.91,97.91,--
"Friday, December 15, 2017",97.98,97.98,97.98,97.98,--
"Thursday, December 14, 2017",98.12,98.12,98.12,98.12,--
"Wednesday, December 13, 2017",98.12,98.12,98.12,98.12,--
"Tuesday, December 12, 2017",98.04,98.04,98.04,98.04,--
"Monday, December 11, 2017",98.01,98.01,98.01,98.01,--
"Friday, December 08, 2017",98,98,98,98,--
"Thursday, December 07, 2017",98.01,98.01,98.01,98.01,--
"Wednesday, December 06, 2017",98.15,98.15,98.15,98.15,--
"Tuesday, December 05, 2017",98.04,98.04,98.04,98.04,--
"Monday, December 04, 2017",98.04,98.04,98.04,98.04,--
"Friday, December 01, 2017",98.07,98.07,98.07,98.07,--
"Thursday, November 30, 2017",97.86,97.86,97.86,97.86,--
"Wednesday, November 29, 2017",98.01,98.01,98.01,98.01,--
"Tuesday, November 28, 2017",98.1,98.1,98.1,98.1,--
"Monday, November 27, 2017",98.21,98.21,98.21,98.21,--
"Friday, November 24, 2017",98.14,98.14,98.14,98.14,--
"Thursday, November 23, 2017",98.21,98.21,98.21,98.21,--
"Wednesday, November 22, 2017",98.22,98.22,98.22,98.22,--
"Tuesday, November 21, 2017",97.98,97.98,97.98,97.98,--
"Monday, November 20, 2017",98.04,98.04,98.04,98.04,--
"Friday, November 17, 2017",98.15,98.15,98.15,98.15,--
"Thursday, November 16, 2017",98.17,98.17,98.17,98.17,--
"Wednesday, November 15, 2017",98.26,98.26,98.26,98.26,--
"Tuesday, November 14, 2017",98.13,98.13,98.13,98.13,--
"Monday, November 13, 2017",98.08,98.08,98.08,98.08,--
"Friday, November 10, 2017",98.08,98.08,98.08,98.08,--
"Thursday, November 09, 2017",98.37,98.37,98.37,98.37,--
"Wednesday, November 08, 2017",98.43,98.43,98.43,98.43,--
"Tuesday, November 07, 2017",98.47,98.47,98.47,98.47,--
"Monday, November 06, 2017",98.4,98.4,98.4,98.4,--
"Friday, November 03, 2017",98.19,98.19,98.19,98.19,--
"Thursday, November 02, 2017",98.23,98.23,98.23,98.23,--
"Wednesday, November 01, 2017",98.13,98.13,98.13,98.13,--
"Monday, October 30, 2017",98.07,98.07,98.07,98.07,--
"Friday, October 27, 2017",97.86,97.86,97.86,97.86,--
"Thursday, October 26, 2017",97.7,97.7,97.7,97.7,--
"Wednesday, October 25, 2017",97.68,97.68,97.68,97.68,--
"Tuesday, October 24, 2017",97.86,97.86,97.86,97.86,--
"Monday, October 23, 2017",97.94,97.94,97.94,97.94,--
"Friday, October 20, 2017",97.9,97.9,97.9,97.9,--
"Thursday, October 19, 2017",98,98,98,98,--
"Wednesday, October 18, 2017",97.96,97.96,97.96,97.96,--
"Monday, October 16, 2017",98.08,98.08,98.08,98.08,--
"Friday, October 13, 2017",98.33,98.33,98.33,98.33,--
"Thursday, October 12, 2017",98.28,98.28,98.28,98.28,--
"Wednesday, October 11, 2017",98.21,98.21,98.21,98.21,--
"Tuesday, October 10, 2017",98.2,98.2,98.2,98.2,--
"Monday, October 09, 2017",98.06,98.06,98.06,98.06,--
"Friday, October 06, 2017",98,98,98,98,--
"Thursday, October 05, 2017",98.08,98.08,98.08,98.08,--
"Wednesday, October 04, 2017",98.13,98.13,98.13,98.13,--
"Tuesday, October 03, 2017",98.06,98.06,98.06,98.06,--
"Monday, October 02, 2017",97.99,97.99,97.99,97.99,--
"Friday, September 29, 2017",98.07,98.07,98.07,98.07,--
"Thursday, September 28, 2017",98.31,98.31,98.31,98.31,--
"Wednesday, September 27, 2017",98.29,98.29,98.29,98.29,--
"Tuesday, September 26, 2017",98.51,98.51,98.51,98.51,--
"Monday, September 25, 2017",98.61,98.61,98.61,98.61,--
"Friday, September 22, 2017",98.43,98.43,98.43,98.43,--
"Thursday, September 21, 2017",98.25,98.25,98.25,98.25,--
"Wednesday, September 20, 2017",98.39,98.39,98.39,98.39,--
"Tuesday, September 19, 2017",98.67,98.67,98.67,98.67,--
"Monday, September 18, 2017",98.75,98.75,98.75,98.75,--
"Friday, September 15, 2017",98.79,98.79,98.79,98.79,--
"Thursday, September 14, 2017",98.81,98.81,98.81,98.81,--
"Wednesday, September 13, 2017",98.79,98.79,98.79,98.79,--
"Tuesday, September 12, 2017",98.91,98.91,98.91,98.91,--
"Monday, September 11, 2017",99.08,99.08,99.08,99.08,--
"Friday, September 08, 2017",99.28,99.28,99.28,99.28,--
"Thursday, September 07, 2017",99.18,99.18,99.18,99.18,--
"Wednesday, September 06, 2017",98.97,98.97,98.97,98.97,--
"Tuesday, September 05, 2017",99.08,99.08,99.08,99.08,--
"Monday, September 04, 2017",98.68,98.68,98.68,98.68,--
"Friday, September 01, 2017",98.68,98.68,98.68,98.68,--
"Thursday, August 31, 2017",98.76,98.76,98.76,98.76,--
"Wednesday, August 30, 2017",98.58,98.58,98.58,98.58,--
"Tuesday, August 29, 2017",98.61,98.61,98.61,98.61,--
"Monday, August 28, 2017",98.53,98.53,98.53,98.53,--
"Friday, August 25, 2017",98.43,98.43,98.43,98.43,--
"Thursday, August 24, 2017",98.4,98.4,98.4,98.4,--
"Wednesday, August 23, 2017",98.53,98.53,98.53,98.53,--
"Tuesday, August 22, 2017",98.33,98.33,98.33,98.33,--
"Monday, August 21, 2017",98.45,98.45,98.45,98.45,--
"Friday, August 18, 2017",98.41,98.41,98.41,98.41,--
"Thursday, August 17, 2017",98.46,98.46,98.46,98.46,--
"Wednesday, August 16, 2017",98.36,98.36,98.36,98.36,--
"Tuesday, August 15, 2017",98.18,98.18,98.18,98.18,--
"Monday, August 14, 2017",98.4,98.4,98.4,98.4,--
"Friday, August 11, 2017",98.7,98.7,98.7,98.7,--
"Thursday, August 10, 2017",98.68,98.68,98.68,98.68,--
"Wednesday, August 09, 2017",98.66,98.66,98.66,98.66,--
"Tuesday, August 08, 2017",98.47,98.47,98.47,98.47,--
"Monday, August 07, 2017",98.43,98.43,98.43,98.43,--
"Friday, August 04, 2017",98.32,98.32,98.32,98.32,--
"Thursday, August 03, 2017",98.38,98.38,98.38,98.38,--
"Wednesday, August 02, 2017",98.28,98.28,98.28,98.28,--
"Tuesday, August 01, 2017",98.37,98.37,98.37,98.37,--
"Monday, July 31, 2017",98.26,98.26,98.26,98.26,--
"Friday, July 28, 2017",98.31,98.31,98.31,98.31,--
"Thursday, July 27, 2017",98.22,98.22,98.22,98.22,--
"Wednesday, July 26, 2017",98.27,98.27,98.27,98.27,--
"Tuesday, July 25, 2017",97.99,97.99,97.99,97.99,--
"Monday, July 24, 2017",98.16,98.16,98.16,98.16,--
"Friday, July 21, 2017",98.18,98.18,98.18,98.18,--
"Thursday, July 20, 2017",98.1,98.1,98.1,98.1,--
"Wednesday, July 19, 2017",98.3,98.3,98.3,98.3,--
"Tuesday, July 18, 2017",98.24,98.24,98.24,98.24,--
"Monday, July 17, 2017",98.07,98.07,98.07,98.07,--
"Friday, July 14, 2017",97.97,97.97,97.97,97.97,--
"Thursday, July 13, 2017",97.91,97.91,97.91,97.91,--
"Wednesday, July 12, 2017",97.93,97.93,97.93,97.93,--
"Tuesday, July 11, 2017",97.69,97.69,97.69,97.69,--
"Monday, July 10, 2017",97.56,97.56,97.56,97.56,--
"Friday, July 07, 2017",97.52,97.52,97.52,97.52,--
"Thursday, July 06, 2017",97.79,97.79,97.79,97.79,--
"Wednesday, July 05, 2017",97.88,97.88,97.88,97.88,--
"Tuesday, July 04, 2017",97.85,97.85,97.85,97.85,--
"Monday, July 03, 2017",97.85,97.85,97.85,97.85,--
"Friday, June 30, 2017",97.92,97.92,97.92,97.92,--
"Thursday, June 29, 2017",98.08,98.08,98.08,98.08,--
"Wednesday, June 28, 2017",98.37,98.37,98.37,98.37,--
"Tuesday, June 27, 2017",98.26,98.26,98.26,98.26,--
"Monday, June 26, 2017",98.5,98.5,98.5,98.5,--
"Friday, June 23, 2017",98.4,98.4,98.4,98.4,--
"Thursday, June 22, 2017",98.3,98.3,98.3,98.3,--
"Wednesday, June 21, 2017",98.11,98.11,98.11,98.11,--
"Tuesday, June 20, 2017",98.11,98.11,98.11,98.11,--
"Monday, June 19, 2017",98.03,98.03,98.03,98.03,--
"Friday, June 16, 2017",98.2,98.2,98.2,98.2,--
"Thursday, June 15, 2017",98.14,98.14,98.14,98.14,--
"Wednesday, June 14, 2017",98.44,98.44,98.44,98.44,--
"Tuesday, June 13, 2017",98.54,98.54,98.54,98.54,--
"Monday, June 12, 2017",98.52,98.52,98.52,98.52,--
"Friday, June 09, 2017",98.71,98.71,98.71,98.71,--
"Thursday, June 08, 2017",98.78,98.78,98.78,98.78,--
"Wednesday, June 07, 2017",98.84,98.84,98.84,98.84,--
"Tuesday, June 06, 2017",99.03,99.03,99.03,99.03,--
"Monday, June 05, 2017",98.93,98.93,98.93,98.93,--
"Friday, June 02, 2017",99.02,99.02,99.02,99.02,--
"Thursday, June 01, 2017",98.85,98.85,98.85,98.85,--
"Wednesday, May 31, 2017",98.9,98.9,98.9,98.9,--
"Tuesday, May 30, 2017",98.84,98.84,98.84,98.84,--
"Monday, May 29, 2017",98.66,98.66,98.66,98.66,--
"Friday, May 26, 2017",98.65,98.65,98.65,98.65,--
"Thursday, May 25, 2017",98.58,98.58,98.58,98.58,--
"Wednesday, May 24, 2017",98.62,98.62,98.62,98.62,--
"Tuesday, May 23, 2017",98.61,98.61,98.61,98.61,--
"Monday, May 22, 2017",98.69,98.69,98.69,98.69,--
"Friday, May 19, 2017",98.77,98.77,98.77,98.77,--
"Thursday, May 18, 2017",98.67,98.67,98.67,98.67,--
"Wednesday, May 17, 2017",98.7,98.7,98.7,98.7,--
"Tuesday, May 16, 2017",98.32,98.32,98.32,98.32,--
"Monday, May 15, 2017",98.34,98.34,98.34,98.34,--
"Friday, May 12, 2017",98.4,98.4,98.4,98.4,--
"Thursday, May 11, 2017",98.32,98.32,98.32,98.32,--
"Wednesday, May 10, 2017",98.07,98.07,98.07,98.07,--
"Tuesday, May 09, 2017",98,98,98,98,--
"Monday, May 08, 2017",98.18,98.18,98.18,98.18,--
"Friday, May 05, 2017",98.3,98.3,98.3,98.3,--
"Thursday, May 04, 2017",98.25,98.25,98.25,98.25,--
"Wednesday, May 03, 2017",98.59,98.59,98.59,98.59,--
"Tuesday, May 02, 2017",98.78,98.78,98.78,98.78,--
"Monday, May 01, 2017",98.81,98.81,98.81,98.81,--
"Friday, April 28, 2017",99.07,99.07,99.07,99.07,--
"Thursday, April 27, 2017",98.96,98.96,98.96,98.96,--
"Wednesday, April 26, 2017",98.87,98.87,98.87,98.87,--
"Tuesday, April 25, 2017",98.84,98.84,98.84,98.84,--
"Monday, April 24, 2017",98.9,98.9,98.9,98.9,--
"Friday, April 21, 2017",98.94,98.94,98.94,98.94,--
"Thursday, April 20, 2017",99.01,99.01,99.01,99.01,--
"Wednesday, April 19, 2017",99.09,99.09,99.09,99.09,--
"Tuesday, April 18, 2017",99.21,99.21,99.21,99.21,--
"Monday, April 17, 2017",99.07,99.07,99.07,99.07,--
"Thursday, April 13, 2017",99.36,99.36,99.36,99.36,--
"Wednesday, April 12, 2017",99.05,99.05,99.05,99.05,--
"Tuesday, April 11, 2017",98.98,98.98,98.98,98.98,--
"Monday, April 10, 2017",98.75,98.75,98.75,98.75,--
"Friday, April 07, 2017",98.74,98.74,98.74,98.74,--
"Thursday, April 06, 2017",98.98,98.98,98.98,98.98,--
"Wednesday, April 05, 2017",99.07,99.07,99.07,99.07,--
"Tuesday, April 04, 2017",98.95,98.95,98.95,98.95,--
"Monday, April 03, 2017",98.97,98.97,98.97,98.97,--
"Friday, March 31, 2017",98.77,98.77,98.77,98.77,--
"Thursday, March 30, 2017",98.6,98.6,98.6,98.6,--
"Tuesday, March 28, 2017",98.58,98.58,98.58,98.58,--
"Monday, March 27, 2017",98.79,98.79,98.79,98.79,--
"Friday, March 24, 2017",98.75,98.75,98.75,98.75,--
"Thursday, March 23, 2017",98.56,98.56,98.56,98.56,--
"Wednesday, March 22, 2017",98.66,98.66,98.66,98.66,--
"Tuesday, March 21, 2017",98.53,98.53,98.53,98.53,--
"Monday, March 20, 2017",98.47,98.47,98.47,98.47,--
"Friday, March 17, 2017",98.32,98.32,98.32,98.32,--
"Thursday, March 16, 2017",98.23,98.23,98.23,98.23,--
"Wednesday, March 15, 2017",98.25,98.25,98.25,98.25,--
"Tuesday, March 14, 2017",97.6,97.6,97.6,97.6,--
"Monday, March 13, 2017",97.7,97.7,97.7,97.7,--
"Friday, March 10, 2017",97.77,97.77,97.77,97.77,--
"Thursday, March 09, 2017",97.72,97.72,97.72,97.72,--
"Wednesday, March 08, 2017",97.93,97.93,97.93,97.93,--
"Tuesday, March 07, 2017",98.27,98.27,98.27,98.27,--
"Monday, March 06, 2017",98.36,98.36,98.36,98.36,--
"Friday, March 03, 2017",98.34,98.34,98.34,98.34,--
"Thursday, March 02, 2017",98.16,98.16,98.16,98.16,--
"Wednesday, March 01, 2017",98.39,98.39,98.39,98.39,--
"Tuesday, February 28, 2017",98.88,98.88,98.88,98.88,--
"Monday, February 27, 2017",98.9,98.9,98.9,98.9,--
"Friday, February 24, 2017",99.15,99.15,99.15,99.15,--
"Thursday, February 23, 2017",98.88,98.88,98.88,98.88,--
"Wednesday, February 22, 2017",98.72,98.72,98.72,98.72,--
"Tuesday, February 21, 2017",98.62,98.62,98.62,98.62,--
"Friday, February 17, 2017",98.58,98.58,98.58,98.58,--
"Thursday, February 16, 2017",98.53,98.53,98.53,98.53,--
"Wednesday, February 15, 2017",98.37,98.37,98.37,98.37,--
"Tuesday, February 14, 2017",98.27,98.27,98.27,98.27,--
"Monday, February 13, 2017",98.48,98.48,98.48,98.48,--
"Friday, February 10, 2017",98.69,98.69,98.69,98.69,--
"Thursday, February 09, 2017",98.65,98.65,98.65,98.65,--
"Wednesday, February 08, 2017",98.73,98.73,98.73,98.73,--
"Tuesday, February 07, 2017",98.76,98.76,98.76,98.76,--
"Monday, February 06, 2017",98.83,98.83,98.83,98.83,--
"Friday, February 03, 2017",98.58,98.58,98.58,98.58,--
"Thursday, February 02, 2017",98.7,98.7,98.7,98.7,--
"Wednesday, February 01, 2017",98.71,98.71,98.71,98.71,--
"Tuesday, January 31, 2017",98.75,98.75,98.75,98.75,--
"Monday, January 30, 2017",98.64,98.64,98.64,98.64,--
"Friday, January 27, 2017",98.63,98.63,98.63,98.63,--
"Thursday, January 26, 2017",98.46,98.46,98.46,98.46,--
"Wednesday, January 25, 2017",98.36,98.36,98.36,98.36,--
"Tuesday, January 24, 2017",98.5,98.5,98.5,98.5,--
"Monday, January 23, 2017",98.68,98.68,98.68,98.68,--
"Friday, January 20, 2017",98.47,98.47,98.47,98.47,--
"Thursday, January 19, 2017",98.39,98.39,98.39,98.39,--
"Wednesday, January 18, 2017",98.52,98.52,98.52,98.52,--
"Tuesday, January 17, 2017",98.79,98.79,98.79,98.79,--
"Monday, January 16, 2017",98.55,98.55,98.55,98.55,--
"Friday, January 13, 2017",98.55,98.55,98.55,98.55,--
"Thursday, January 12, 2017",98.64,98.64,98.64,98.64,--
"Wednesday, January 11, 2017",98.58,98.58,98.58,98.58,--
"Tuesday, January 10, 2017",98.39,98.39,98.39,98.39,--
"Monday, January 09, 2017",98.35,98.35,98.35,98.35,--
"Friday, January 06, 2017",98.26,98.26,98.26,98.26,--
"Thursday, January 05, 2017",98.49,98.49,98.49,98.49,--
"Wednesday, January 04, 2017",98.22,98.22,98.22,98.22,--
"Tuesday, January 03, 2017",98.2,98.2,98.2,98.2,--
"Friday, December 30, 2016",98.16,98.16,98.16,98.16,--
"Thursday, December 29, 2016",97.9,97.9,97.9,97.9,--
"Wednesday, December 28, 2016",97.86,97.86,97.86,97.86,--
"Tuesday, December 27, 2016",97.68,97.68,97.68,97.68,--
"Friday, December 23, 2016",97.72,97.72,97.72,97.72,--
"Thursday, December 22, 2016",97.59,97.59,97.59,97.59,--
"Wednesday, December 21, 2016",97.33,97.33,97.33,97.33,--
"Tuesday, December 20, 2016",97.2,97.2,97.2,97.2,--
"Monday, December 19, 2016",97.05,97.05,97.05,97.05,--
"Friday, December 16, 2016",96.81,96.81,96.81,96.81,--
"Thursday, December 15, 2016",97.03,97.03,97.03,97.03,--
"Wednesday, December 14, 2016",97.62,97.62,97.62,97.62,--
"Tuesday, December 13, 2016",98.05,98.05,98.05,98.05,--
"Monday, December 12, 2016",98.14,98.14,98.14,98.14,--
"Friday, December 09, 2016",98.12,98.12,98.12,98.12,--
"Thursday, December 08, 2016",98.45,98.45,98.45,98.45,--
"Wednesday, December 07, 2016",98.41,98.41,98.41,98.41,--
"Tuesday, December 06, 2016",98.32,98.32,98.32,98.32,--
"Monday, December 05, 2016",98.28,98.28,98.28,98.28,--
"Friday, December 02, 2016",98.16,98.16,98.16,98.16,--
"Thursday, December 01, 2016",98.17,98.17,98.17,98.17,--
"Wednesday, November 30, 2016",98.27,98.27,98.27,98.27,--
"Tuesday, November 29, 2016",98.07,98.07,98.07,98.07,--
"Monday, November 28, 2016",98.04,98.04,98.04,98.04,--
"Friday, November 25, 2016",97.98,97.98,97.98,97.98,--
"Thursday, November 24, 2016",98.13,98.13,98.13,98.13,--
"Wednesday, November 23, 2016",98.12,98.12,98.12,98.12,--
"Tuesday, November 22, 2016",98.37,98.37,98.37,98.37,--
"Monday, November 21, 2016",98.24,98.24,98.24,98.24,--
"Friday, November 18, 2016",98.2,98.2,98.2,98.2,--
"Thursday, November 17, 2016",98.43,98.43,98.43,98.43,--
"Wednesday, November 16, 2016",98.45,98.45,98.45,98.45,--
"Tuesday, November 15, 2016",98.46,98.46,98.46,98.46,--
"Monday, November 14, 2016",98.49,98.49,98.49,98.49,--
"Friday, November 11, 2016",99.01,99.01,99.01,99.01,--
"Thursday, November 10, 2016",99.27,99.27,99.27,99.27,--
"Wednesday, November 09, 2016",99.41,99.41,99.41,99.41,--
"Tuesday, November 08, 2016",99.76,99.76,99.76,99.76,--
"Monday, November 07, 2016",99.89,99.89,99.89,99.89,--
"Friday, November 04, 2016",99.89,99.89,99.89,99.89,--
"Thursday, November 03, 2016",99.81,99.81,99.81,99.81,--
"Wednesday, November 02, 2016",99.95,99.95,99.95,99.95,--
"Tuesday, November 01, 2016",99.96,99.96,99.96,99.96,--
"Monday, October 31, 2016",99.91,99.91,99.91,99.91,--
"Friday, October 28, 2016",99.83,99.83,99.83,99.83,--
"Thursday, October 27, 2016",99.75,99.75,99.75,99.75,--
"Wednesday, October 26, 2016",99.98,99.98,99.98,99.98,--
"Tuesday, October 25, 2016",100.04,100.04,100.04,100.04,--
"Monday, October 24, 2016",100,100,100,100,--
